solver_short_name,solver_uuid,solution_uuid,problem_instance_short_name,problem_instance_uuid,task_uuid,instance_data_object_uuid,instance_data_object_url,num_orbitals,time_limit_seconds,accuracy_tol,reference_energy,calendar_due_date,attempted,solved_within_run_time,solved_within_accuracy_requirement,overall_run_time_seconds,is_resource_estimate,num_logical_qubits,num_shots,num_T_gates_per_shot,submitted_by_calendar_due_date,label
DF_QPE,5dad4064-cd11-412f-85cb-d722afe3b3de,0279e7dd-9005-4800-ab78-8d344f722c44,cl2_0,0e393c20-3915-42b9-a8aa-29bf53548269,c01649e2-8c5c-4827-a037-1ede2159e558,8d4aaf5e-4bca-4e5b-9fb0-2556228f5c52,sftp://sftp.l3harris.com/gsee/small_molecules/fcidump.cl2_cc-pVDZ.8d4aaf5e-4bca-4e5b-9fb0-2556228f5c52.gz,36,86400,1.0,-919.2640150271372,,True,False,True,2136356.6626859996,True,1167,12,114299242464,True,False
DF_QPE,5dad4064-cd11-412f-85cb-d722afe3b3de,,cl2_0,0e393c20-3915-42b9-a8aa-29bf53548269,214bb702-d7bc-4141-8cf3-f6979ba0f67a,7b8c2dbd-8966-4eb4-83af-8acb07454e8a,sftp://sftp.l3harris.com/gsee/small_molecules/fcidump.cl2_cc-pVQZ.7b8c2dbd-8966-4eb4-83af-8acb07454e8a.gz,118,86400,1.0,-919.477844293124,,False,False,False,,,,,,False,False
DF_QPE,5dad4064-cd11-412f-85cb-d722afe3b3de,0279e7dd-9005-4800-ab78-8d344f722c44,cl2_0,0e393c20-3915-42b9-a8aa-29bf53548269,35e4c771-0f4f-4413-b42f-132f1e606cb0,781d0704-7a95-4183-9c50-cbdbd976884a,sftp://sftp.l3harris.com/gsee/small_molecules/fcidump.cl2_cc-pVTZ.781d0704-7a95-4183-9c50-cbdbd976884a.gz,68,86400,1.0,-919.4281753393263,,True,False,True,23386535.836227,True,2220,12,1251274656280,True,False
DF_QPE,5dad4064-cd11-412f-85cb-d722afe3b3de,4a58f697-32cd-4a30-bbef-a77b5eec5972,Cu_0,1448d27d-bfa9-470f-a6c8-864a295b66f4,7f0518e8-e2c8-4912-8268-4de4cd504084,48434e2f-f09e-474e-b98c-af180386a258,sftp://sftp.l3harris.com/gsee/small_molecules/fcidump.Cu0_vdz.48434e2f-f09e-474e-b98c-af180386a258.gz,54,86400,1.0,-197.2369,,True,False,True,18956757.411728002,True,1792,37,1014336850272,True,False
DF_QPE,5dad4064-cd11-412f-85cb-d722afe3b3de,,Cu_0,1448d27d-bfa9-470f-a6c8-864a295b66f4,0f5171c4-cf55-4a82-99a2-c72edebce9c9,e304b6b5-b820-470d-a8b5-92d6354abd16,sftp://sftp.l3harris.com/gsee/small_molecules/fcidump.Cu0_vtz.e304b6b5-b820-470d-a8b5-92d6354abd16.gz,88,86400,1.0,-197.44464,,False,False,False,,,,,,False,False
DF_QPE,5dad4064-cd11-412f-85cb-d722afe3b3de,9fd50918-8fe2-4cc9-aab0-8ddb721a40ed,si2_h6_0,0c1dfb55-f021-409a-80b1-79c8c2908095,109f95c5-8561-458c-8f41-72be596b87e6,bdb74fe0-4d88-4e9f-8354-7ff891c21b5b,sftp://sftp.l3harris.com/gsee/small_molecules/fcidump.si2_h6_cc-pVDZ.bdb74fe0-4d88-4e9f-8354-7ff891c21b5b.gz,66,86400,1.0,-581.6123803081928,,True,False,True,26176868.412993997,True,2090,25,1400564615704,True,False
DF_QPE,5dad4064-cd11-412f-85cb-d722afe3b3de,b2421b2b-f6d3-4d15-801b-7f586d55ac48,blue_dimer,dc8bdc56-5ebd-4996-6b81-81b1a06d8c76,9da97ef6-4bad-4c82-8576-9b8e539a7ba8,46967cfc-d867-40e8-bef0-9655c46cef29,sftp://sftp.l3harris.com/gsee/fcidump.38_1_ts_noncan_0.2_new.46967cfc-d867-40e8-bef0-9655c46cef29.gz,18,172800,1.0,-2453.383139874957,2124-03-20T20:48:21.795324+00:00,True,True,True,29616.551266,True,548,9,1916519744,True,True
DF_QPE,5dad4064-cd11-412f-85cb-d722afe3b3de,b2421b2b-f6d3-4d15-801b-7f586d55ac48,blue_dimer,dc8bdc56-5ebd-4996-6b81-81b1a06d8c76,f20db1b1-86e3-4ddf-96ff-a6d37f331935,85d9d818-501e-4a0e-8fd8-c216ab5e3cb5,sftp://sftp.l3harris.com/gsee/fcidump.39_1_ts_noncan_0.2_new.85d9d818-501e-4a0e-8fd8-c216ab5e3cb5.gz,22,172800,1.0,-2453.722353799089,2124-03-20T20:48:21.795324+00:00,True,True,True,96758.903995,True,668,13,6263506336,True,True
DF_QPE,5dad4064-cd11-412f-85cb-d722afe3b3de,b2421b2b-f6d3-4d15-801b-7f586d55ac48,blue_dimer,dc8bdc56-5ebd-4996-6b81-81b1a06d8c76,742be33c-0982-4b06-b324-1d86242e28d9,7db0f859-073f-46af-9325-016a67229a4b,sftp://sftp.l3harris.com/gsee/fcidump.40_1_ts_noncan_0.2_new.7db0f859-073f-46af-9325-016a67229a4b.gz,34,172800,1.0,-2454.500248971286,2124-03-20T20:48:21.795324+00:00,True,False,True,3018487.432257,True,1042,106,161505609840,True,False
DF_QPE,5dad4064-cd11-412f-85cb-d722afe3b3de,b2421b2b-f6d3-4d15-801b-7f586d55ac48,blue_dimer,dc8bdc56-5ebd-4996-6b81-81b1a06d8c76,3b49563d-948a-4ecb-84a0-d3c0c2c0d217,2f0b6ced-7831-4fe0-b95e-ce4d456c9c6b,sftp://sftp.l3harris.com/gsee/fcidump.41_1_ts_noncan_0.2_new.2f0b6ced-7831-4fe0-b95e-ce4d456c9c6b.gz,36,172800,1.0,,2124-03-20T20:48:21.795324+00:00,True,False,True,3511117.0531790005,True,1094,211,187860519024,True,False
DF_QPE,5dad4064-cd11-412f-85cb-d722afe3b3de,b2421b2b-f6d3-4d15-801b-7f586d55ac48,blue_dimer,dc8bdc56-5ebd-4996-6b81-81b1a06d8c76,950da653-13ce-4cd7-95d8-5045ab03d4bc,a722dd32-93c7-4fbd-9cf5-f1bf44b2cdae,sftp://sftp.l3harris.com/gsee/fcidump.42_1_star_noncan_0.2_new.a722dd32-93c7-4fbd-9cf5-f1bf44b2cdae.gz,18,172800,1.0,-2452.705783831708,2124-03-20T20:48:21.795324+00:00,True,True,True,59324.413610999996,True,549,21,3840902560,True,True
DF_QPE,5dad4064-cd11-412f-85cb-d722afe3b3de,b2421b2b-f6d3-4d15-801b-7f586d55ac48,blue_dimer,dc8bdc56-5ebd-4996-6b81-81b1a06d8c76,13821f5c-78a6-485c-9006-a17a234cde9f,d9707874-28d5-48b6-824e-a2e6c8753437,sftp://sftp.l3harris.com/gsee/fcidump.43_1_star_noncan_0.2_new.d9707874-28d5-48b6-824e-a2e6c8753437.gz,22,172800,1.0,-2452.785072302863,2124-03-20T20:48:21.795324+00:00,True,False,True,234387.136026,True,669,72,12539069952,True,False
DF_QPE,5dad4064-cd11-412f-85cb-d722afe3b3de,b2421b2b-f6d3-4d15-801b-7f586d55ac48,blue_dimer,dc8bdc56-5ebd-4996-6b81-81b1a06d8c76,765594e5-44ac-41a2-89a7-f2ac03536379,727ab190-e399-4bb6-a9b3-20ae57789bac,sftp://sftp.l3harris.com/gsee/fcidump.44_1_star_noncan_0.2_new.727ab190-e399-4bb6-a9b3-20ae57789bac.gz,34,172800,1.0,,2124-03-20T20:48:21.795324+00:00,True,False,True,2958987.866833,True,1042,124,158320035952,True,False
DF_QPE,5dad4064-cd11-412f-85cb-d722afe3b3de,b2421b2b-f6d3-4d15-801b-7f586d55ac48,blue_dimer,dc8bdc56-5ebd-4996-6b81-81b1a06d8c76,858b9683-fc6c-4ebe-8c33-27f0d848f24f,e986eb83-6b9d-439e-85ca-a9b931eef4a2,sftp://sftp.l3harris.com/gsee/fcidump.45_1_star_noncan_0.2_new.e986eb83-6b9d-439e-85ca-a9b931eef4a2.gz,36,172800,1.0,,2124-03-20T20:48:21.795324+00:00,True,False,True,3486921.4702439997,True,1094,212,186566576240,True,False
DF_QPE,5dad4064-cd11-412f-85cb-d722afe3b3de,b2421b2b-f6d3-4d15-801b-7f586d55ac48,blue_dimer,dc8bdc56-5ebd-4996-6b81-81b1a06d8c76,1a013e9f-7eab-4a1b-b486-1d9e2d99e754,6bf3207c-664b-4ed3-8e74-82b42e277234,sftp://sftp.l3harris.com/gsee/fcidump.46_2_noncan_0.2_new.6bf3207c-664b-4ed3-8e74-82b42e277234.gz,19,172800,1.0,-2454.21163859541,2124-03-20T20:48:21.795324+00:00,True,True,True,67321.89360600001,True,591,16,4358505888,True,True
DF_QPE,5dad4064-cd11-412f-85cb-d722afe3b3de,b2421b2b-f6d3-4d15-801b-7f586d55ac48,blue_dimer,dc8bdc56-5ebd-4996-6b81-81b1a06d8c76,001a0d11-165a-49c5-a334-643023029f40,fb3ecfad-6450-423e-aa58-d5cddab6f0f6,sftp://sftp.l3harris.com/gsee/fcidump.47_2_noncan_0.2_new.fb3ecfad-6450-423e-aa58-d5cddab6f0f6.gz,28,172800,1.0,-2454.563249138352,2124-03-20T20:48:21.795324+00:00,True,False,True,363423.857516,True,846,22,23530899072,True,False
DF_QPE,5dad4064-cd11-412f-85cb-d722afe3b3de,b2421b2b-f6d3-4d15-801b-7f586d55ac48,blue_dimer,dc8bdc56-5ebd-4996-6b81-81b1a06d8c76,1c9508e3-b9fe-44f1-ae58-c6339ef43f47,dc406285-bac1-4b99-afbf-06728b7d699b,sftp://sftp.l3harris.com/gsee/fcidump.48_2_noncan_0.2_new.dc406285-bac1-4b99-afbf-06728b7d699b.gz,34,172800,1.0,-2454.622490265655,2124-03-20T20:48:21.795324+00:00,True,False,True,1505472.690158,True,1041,63,80542042104,True,False
DF_QPE,5dad4064-cd11-412f-85cb-d722afe3b3de,b2421b2b-f6d3-4d15-801b-7f586d55ac48,blue_dimer,dc8bdc56-5ebd-4996-6b81-81b1a06d8c76,6713517a-ab65-4381-aae1-0839dcd6c1a0,af9d6a83-7898-4c13-80eb-a83a533ebf2d,sftp://sftp.l3harris.com/gsee/fcidump.49_2_noncan_0.2_new.af9d6a83-7898-4c13-80eb-a83a533ebf2d.gz,36,172800,1.0,-2454.679201689047,2124-03-20T20:48:21.795324+00:00,True,False,True,1770836.844337,True,1093,55,94735566840,True,False
DF_QPE,5dad4064-cd11-412f-85cb-d722afe3b3de,c954630f-87f0-4d02-b483-a0db00890b60,benzene,f377cc27-366a-45af-b45a-c8478e4b6199,b86457a4-abf4-43c9-9c08-2397e95b7c0f,4c655f65-1899-469c-975a-a3caec750697,sftp://sftp.l3harris.com/gsee/FCIDUMP_benzene_sto-3g_4c655f65-1899-469c-975a-a3caec750697.gz,30,172800,1.0,,2124-10-26T18:34:11.484017,True,False,True,2991614.922363,True,933,582,160080332728,True,False
DF_QPE,5dad4064-cd11-412f-85cb-d722afe3b3de,,benzene,f377cc27-366a-45af-b45a-c8478e4b6199,7148b36a-0571-4a41-9239-19a97339f68a,96ff0e22-a3ab-49f3-aee9-9a1886cbf850,sftp://sftp.l3harris.com/gsee/FCIDUMP_benzene_cc-pvdz_96ff0e22-a3ab-49f3-aee9-9a1886cbf850.gz,108,172800,1.0,,2124-10-26T18:34:11.484017,False,False,False,,,,,,False,False
DF_QPE,5dad4064-cd11-412f-85cb-d722afe3b3de,39026b23-9901-4a71-a7b8-c249f9e1a3f9,Cr_1,02a8c4e9-9d15-4742-b4cc-7f47f69da0e5,b24b71b9-971a-4aca-9fc0-7198d16ca9ed,69a1826c-1bee-4855-8f5f-5df29035bfca,sftp://sftp.l3harris.com/gsee/small_molecules/fcidump.Cr1_vdz.69a1826c-1bee-4855-8f5f-5df29035bfca.gz,54,86400,1.0,-86.37241,,True,False,True,5903217.25795,True,1735,6,315828734064,True,False
DF_QPE,5dad4064-cd11-412f-85cb-d722afe3b3de,,Cr_1,02a8c4e9-9d15-4742-b4cc-7f47f69da0e5,e604a906-55fa-4b3f-bf17-c24a30312b84,4e3649dd-9050-4acc-93f6-a09c962e89d7,sftp://sftp.l3harris.com/gsee/small_molecules/fcidump.Cr1_vqz.4e3649dd-9050-4acc-93f6-a09c962e89d7.gz,135,86400,1.0,-86.51867,,False,False,False,,,,,,False,False
DF_QPE,5dad4064-cd11-412f-85cb-d722afe3b3de,,Cr_1,02a8c4e9-9d15-4742-b4cc-7f47f69da0e5,f4b120e9-acd0-4c7c-89e2-cc082f52f5cf,efaceb68-6fae-491a-bb90-1e3e3463f010,sftp://sftp.l3harris.com/gsee/small_molecules/fcidump.Cr1_vtz.efaceb68-6fae-491a-bb90-1e3e3463f010.gz,88,86400,1.0,-86.47298,,False,False,False,,,,,,False,False
DF_QPE,5dad4064-cd11-412f-85cb-d722afe3b3de,0de08fd9-61ab-4954-9d56-758dc8a9ce37,Ti_1,9823b0dd-87b6-4793-9741-e8cbcf2b50c0,2cd76a23-0514-458a-b588-94e2d10564d3,760e312c-9982-486d-b50e-d9acb003aedc,sftp://sftp.l3harris.com/gsee/small_molecules/fcidump.Ti1_vdz.760e312c-9982-486d-b50e-d9acb003aedc.gz,54,86400,1.0,-57.63401999999999,,True,False,True,6547412.911180001,True,1735,8,350293330032,True,False
DF_QPE,5dad4064-cd11-412f-85cb-d722afe3b3de,,Ti_1,9823b0dd-87b6-4793-9741-e8cbcf2b50c0,c7049602-5460-4277-8148-d9c66012f8f0,2ae865cc-f4c6-4e9f-903c-c8221e06b7a9,sftp://sftp.l3harris.com/gsee/small_molecules/fcidump.Ti1_vtz.2ae865cc-f4c6-4e9f-903c-c8221e06b7a9.gz,88,86400,1.0,-57.70424000000001,,False,False,False,,,,,,False,False
DF_QPE,5dad4064-cd11-412f-85cb-d722afe3b3de,f57fb508-bd87-41cb-b3f9-86dfc2a3ccf1,V_0,a14a1e28-71c5-4e23-bf6e-dd9662a6df58,0f0c8766-4bf5-4c1e-991a-9dafe9bc8f27,950e31e2-142f-480b-b0d1-174381bdb64a,sftp://sftp.l3harris.com/gsee/small_molecules/fcidump.V0_vdz.950e31e2-142f-480b-b0d1-174381bdb64a.gz,54,86400,1.0,-71.07767,,True,False,True,12576046.209538,True,1736,32,672883280104,True,False
DF_QPE,5dad4064-cd11-412f-85cb-d722afe3b3de,,V_0,a14a1e28-71c5-4e23-bf6e-dd9662a6df58,338f4b6e-775c-413b-a508-9132659ebbc3,d85e35e4-fe5c-4ea9-a5aa-d0273321a1dd,sftp://sftp.l3harris.com/gsee/small_molecules/fcidump.V0_vtz.d85e35e4-fe5c-4ea9-a5aa-d0273321a1dd.gz,88,86400,1.0,-71.16898,,False,False,False,,,,,,False,False
DF_QPE,5dad4064-cd11-412f-85cb-d722afe3b3de,,CuO_0,886ad5bf-d487-48c8-b08c-c9f82b84ed5d,37e1f17b-384d-423d-860b-c75b9dcff951,da86aaff-3ca6-4d32-8da2-e1acfe6c31ab,sftp://sftp.l3harris.com/gsee/small_molecules/fcidump.CuO_vdz.da86aaff-3ca6-4d32-8da2-e1acfe6c31ab.gz,76,86400,1.0,-213.12303,,False,False,False,,,,,,False,False
DF_QPE,5dad4064-cd11-412f-85cb-d722afe3b3de,,TiO_0,0b91f99e-8de5-415d-a78e-f80e45d621ca,84aa9e2d-18e6-4689-9274-28e89ef44080,98719f34-8ba8-4557-a9fd-b28a84fe7dd1,sftp://sftp.l3harris.com/gsee/small_molecules/fcidump.TiO_vdz.98719f34-8ba8-4557-a9fd-b28a84fe7dd1.gz,76,86400,1.0,-73.90375,,False,False,False,,,,,,False,False
DF_QPE,5dad4064-cd11-412f-85cb-d722afe3b3de,8fdf99fb-c82f-4aed-b383-c8cadda2b521,na2_0,edb1dfc4-c9d0-41ce-902a-2cfcf97c0c76,4fb7e994-8e7a-4acd-86d4-bb52db824cfc,4ceb8edc-937e-4cb6-9e42-51b6760b2557,sftp://sftp.l3harris.com/gsee/small_molecules/fcidump.na2_cc-pVDZ.4ceb8edc-937e-4cb6-9e42-51b6760b2557.gz,36,86400,1.0,-323.7308349290517,,True,False,True,412158.83526400005,True,1125,7,26684491520,True,False
DF_QPE,5dad4064-cd11-412f-85cb-d722afe3b3de,,na2_0,edb1dfc4-c9d0-41ce-902a-2cfcf97c0c76,f96de7fe-5c88-4083-8c48-72bc094cccfd,4d93ba0f-4ad6-4107-b495-9284d226e13d,sftp://sftp.l3harris.com/gsee/small_molecules/fcidump.na2_cc-pVQZ.4d93ba0f-4ad6-4107-b495-9284d226e13d.gz,118,86400,1.0,-323.74370271297147,,False,False,False,,,,,,False,False
DF_QPE,5dad4064-cd11-412f-85cb-d722afe3b3de,8fdf99fb-c82f-4aed-b383-c8cadda2b521,na2_0,edb1dfc4-c9d0-41ce-902a-2cfcf97c0c76,620e9ff4-07bf-4767-9237-d39aa659b8e5,c288da42-cf53-4437-a310-24bf3e35e008,sftp://sftp.l3harris.com/gsee/small_molecules/fcidump.na2_cc-pVTZ.c288da42-cf53-4437-a310-24bf3e35e008.gz,68,86400,1.0,-323.7421869969087,,True,False,True,8965404.341606,True,2144,7,479596906896,True,False
DF_QPE,5dad4064-cd11-412f-85cb-d722afe3b3de,3a2515ac-c45a-4894-aaab-6eb38817ad32,mn_mono,cb40f3f7-ffe8-40e8-4544-f26aad5a8bd8,de3ea361-c2d3-4ab6-add4-ccd43cea6aa8,68af0b80-3d27-4aba-84f9-bcdd30a9255b,sftp://sftp.l3harris.com/gsee/fcidump.59_5_16_noncan_0.2_new.68af0b80-3d27-4aba-84f9-bcdd30a9255b.gz,14,172800,1.0,-1321.593612370238,2124-03-20T20:48:21.795324+00:00,True,True,True,32724.868051999998,True,467,15,2119074992,True,True
DF_QPE,5dad4064-cd11-412f-85cb-d722afe3b3de,3a2515ac-c45a-4894-aaab-6eb38817ad32,mn_mono,cb40f3f7-ffe8-40e8-4544-f26aad5a8bd8,6c39d3a7-c71a-4049-a8c7-3a3a4b61d8da,28a7820f-63fe-4920-aeec-a7ffe7e55d83,sftp://sftp.l3harris.com/gsee/fcidump.60_5_16_noncan_0.2_new.28a7820f-63fe-4920-aeec-a7ffe7e55d83.gz,30,172800,1.0,-1322.107039844683,2124-03-20T20:48:21.795324+00:00,True,False,True,1059612.619444,True,929,78,56690345704,True,False
DF_QPE,5dad4064-cd11-412f-85cb-d722afe3b3de,3a2515ac-c45a-4894-aaab-6eb38817ad32,mn_mono,cb40f3f7-ffe8-40e8-4544-f26aad5a8bd8,1ade03f3-06b1-4e95-b271-fea5a6343829,f738fcd6-7ddc-4d70-8ff9-4019e3718b04,sftp://sftp.l3harris.com/gsee/fcidump.61_3_15_af_noncan_0.2_new.f738fcd6-7ddc-4d70-8ff9-4019e3718b04.gz,14,172800,1.0,-1322.582234109127,2124-03-20T20:48:21.795324+00:00,True,True,True,66765.833359,True,468,34,4324132096,True,True
DF_QPE,5dad4064-cd11-412f-85cb-d722afe3b3de,3a2515ac-c45a-4894-aaab-6eb38817ad32,mn_mono,cb40f3f7-ffe8-40e8-4544-f26aad5a8bd8,ff0da1e2-2c76-4589-aefa-c13bb1a1ef8f,6e2bf415-6a69-4b36-ba0f-780a11cb7c0b,sftp://sftp.l3harris.com/gsee/fcidump.62_3_15_af_noncan_0.2_new.6e2bf415-6a69-4b36-ba0f-780a11cb7c0b.gz,31,172800,1.0,-1322.661962118007,2124-03-20T20:48:21.795324+00:00,True,False,True,1165424.760187,True,955,41,62350034664,True,False
DF_QPE,5dad4064-cd11-412f-85cb-d722afe3b3de,3a2515ac-c45a-4894-aaab-6eb38817ad32,mn_mono,cb40f3f7-ffe8-40e8-4544-f26aad5a8bd8,a9c90f98-6557-44d2-9ca0-0c9122f4080c,027490ba-34f9-4340-89ab-27fd110d2821,sftp://sftp.l3harris.com/gsee/fcidump.63_5_15_af_ts_noncan_0.2_new.027490ba-34f9-4340-89ab-27fd110d2821.gz,14,172800,1.0,-1322.594438035404,2124-03-20T20:48:21.795324+00:00,True,True,True,67113.635528,True,468,108,4346676480,True,True
DF_QPE,5dad4064-cd11-412f-85cb-d722afe3b3de,3a2515ac-c45a-4894-aaab-6eb38817ad32,mn_mono,cb40f3f7-ffe8-40e8-4544-f26aad5a8bd8,a16168e2-98cd-430d-a180-84f64b4d5e75,bae2da57-6a69-483e-95bc-b77f72ebfba8,sftp://sftp.l3harris.com/gsee/fcidump.64_5_15_af_ts_noncan_0.2_new.bae2da57-6a69-483e-95bc-b77f72ebfba8.gz,31,172800,1.0,-1322.651998080473,2124-03-20T20:48:21.795324+00:00,True,False,True,2322126.885829,True,956,280,124247082832,True,False
DF_QPE,5dad4064-cd11-412f-85cb-d722afe3b3de,3a2515ac-c45a-4894-aaab-6eb38817ad32,mn_mono,cb40f3f7-ffe8-40e8-4544-f26aad5a8bd8,590c2f0b-964b-4d09-96ad-101a9be59cab,72343006-774e-4192-b481-fa840ed25573,sftp://sftp.l3harris.com/gsee/fcidump.65_5_15_af_noncan_0.2_new.72343006-774e-4192-b481-fa840ed25573.gz,14,172800,1.0,-1322.55739550674,2124-03-20T20:48:21.795324+00:00,True,True,True,161485.650173,True,469,151,8640922960,True,True
DF_QPE,5dad4064-cd11-412f-85cb-d722afe3b3de,3a2515ac-c45a-4894-aaab-6eb38817ad32,mn_mono,cb40f3f7-ffe8-40e8-4544-f26aad5a8bd8,6e617348-d0b3-4b6d-9923-ea54ba5cf751,ea55abec-8253-445d-85fa-914948b5e5a5,sftp://sftp.l3harris.com/gsee/fcidump.66_5_15_af_noncan_0.2_new.ea55abec-8253-445d-85fa-914948b5e5a5.gz,31,172800,1.0,-1322.65692896071,2124-03-20T20:48:21.795324+00:00,True,False,True,1164938.6214019996,True,955,104,62324868840,True,False
DF_QPE,5dad4064-cd11-412f-85cb-d722afe3b3de,,FeO_0,55d0ed82-0560-4448-8459-c2ba00654d9d,b8344eb5-f574-4198-b917-8312240ba288,3f1777dc-c493-4aa7-b3d1-6271d9bed459,sftp://sftp.l3harris.com/gsee/small_molecules/fcidump.FeO_vdz.3f1777dc-c493-4aa7-b3d1-6271d9bed459.gz,76,86400,1.0,-139.43599,,False,False,False,,,,,,False,False
DF_QPE,5dad4064-cd11-412f-85cb-d722afe3b3de,2d2df911-0554-4e80-adbc-1de281f8355f,p_h3_0,0c2e43eb-58f3-41ca-a21f-ae46fc2a0e57,af399f2b-a4f8-4fec-aca2-7c126ed989a5,7ffaab25-7912-4ca9-b0e5-9fe8fd00a0e1,sftp://sftp.l3harris.com/gsee/small_molecules/fcidump.p_h3_cc-pVDZ.7ffaab25-7912-4ca9-b0e5-9fe8fd00a0e1.gz,33,86400,1.0,-342.6380538513027,,True,False,True,1102504.331489,True,1047,14,58982008688,True,False
DF_QPE,5dad4064-cd11-412f-85cb-d722afe3b3de,,p_h3_0,0c2e43eb-58f3-41ca-a21f-ae46fc2a0e57,819ff18a-5aad-46df-83ef-bd209e44936b,2b73f8d0-08fe-4cca-9e8a-cda5d21f4761,sftp://sftp.l3harris.com/gsee/small_molecules/fcidump.p_h3_cc-pVTZ.2b73f8d0-08fe-4cca-9e8a-cda5d21f4761.gz,76,86400,1.0,-342.69352665378364,,False,False,False,,,,,,False,False
DF_QPE,5dad4064-cd11-412f-85cb-d722afe3b3de,4673f644-f7b8-4e23-bad9-1af743543ea2,h2_s_0,208f2e50-2b56-4e72-815a-cba5cec1264c,f2f09d9f-8328-4d4a-ba91-089f9e56bf0d,11a0ff0b-3c6f-416f-be8a-a02acd56aeb9,sftp://sftp.l3harris.com/gsee/small_molecules/fcidump.h2_s_cc-pVDZ.11a0ff0b-3c6f-416f-be8a-a02acd56aeb9.gz,28,86400,1.0,-398.86551956628944,,True,False,True,227170.442737,True,877,9,14710015616,True,False
DF_QPE,5dad4064-cd11-412f-85cb-d722afe3b3de,,h2_s_0,208f2e50-2b56-4e72-815a-cba5cec1264c,3d5186f9-82b3-4de0-9bc1-242d7bdb678a,57afbbf8-5819-4ee7-b540-95974b8a1a3f,sftp://sftp.l3harris.com/gsee/small_molecules/fcidump.h2_s_cc-pVQZ.57afbbf8-5819-4ee7-b540-95974b8a1a3f.gz,119,86400,1.0,-398.9566398132811,,False,False,False,,,,,,False,False
DF_QPE,5dad4064-cd11-412f-85cb-d722afe3b3de,4673f644-f7b8-4e23-bad9-1af743543ea2,h2_s_0,208f2e50-2b56-4e72-815a-cba5cec1264c,ec0baf59-05f5-49df-b5e5-8f887d822a10,83f0f242-e184-4581-a77a-f019731d8a6f,sftp://sftp.l3harris.com/gsee/small_molecules/fcidump.h2_s_cc-pVTZ.83f0f242-e184-4581-a77a-f019731d8a6f.gz,62,86400,1.0,-398.9364091574969,,True,False,True,15919202.238035997,True,2034,9,851752520064,True,False
DF_QPE,5dad4064-cd11-412f-85cb-d722afe3b3de,0e2a338c-8eaa-48ab-97a0-91883ca20bde,Sc_0,67f72316-2262-44fb-8c0a-e159e1cd0cf0,fb87d637-aaab-4e8f-8898-4ecca8bd0fe0,9da0b1fb-c6a5-4da5-b390-3920e3c26154,sftp://sftp.l3harris.com/gsee/small_molecules/fcidump.Sc0_vdz.9da0b1fb-c6a5-4da5-b390-3920e3c26154.gz,54,86400,1.0,-46.39685,,True,False,True,4260917.3623170005,True,1732,7,227955968112,True,False
DF_QPE,5dad4064-cd11-412f-85cb-d722afe3b3de,,Sc_0,67f72316-2262-44fb-8c0a-e159e1cd0cf0,96c6a0d7-8a1e-4189-a934-833b80ade346,85c6b46a-59fe-4506-89d3-e6faec2383e2,sftp://sftp.l3harris.com/gsee/small_molecules/fcidump.Sc0_vqz.85c6b46a-59fe-4506-89d3-e6faec2383e2.gz,135,86400,1.0,-46.474,,False,False,False,,,,,,False,False
DF_QPE,5dad4064-cd11-412f-85cb-d722afe3b3de,,Sc_0,67f72316-2262-44fb-8c0a-e159e1cd0cf0,dc1da839-0ccc-434c-bf9c-a3874ffc3b1c,83008296-5ec9-4af7-a03b-372025fad080,sftp://sftp.l3harris.com/gsee/small_molecules/fcidump.Sc0_vtz.83008296-5ec9-4af7-a03b-372025fad080.gz,88,86400,1.0,-46.4523,,False,False,False,,,,,,False,False
DF_QPE,5dad4064-cd11-412f-85cb-d722afe3b3de,811e463c-02b2-4138-b51a-67c9b239bb07,na_cl_0,3f141f05-532b-478d-b38a-2ae07baadc88,da831b60-89ce-4c01-96f9-c9f8a4512aab,cd31956d-bef5-4112-9959-510170644e72,sftp://sftp.l3harris.com/gsee/small_molecules/fcidump.na_cl_cc-pVDZ.cd31956d-bef5-4112-9959-510170644e72.gz,36,86400,1.0,-621.589074729701,,True,False,True,433994.940805,True,1127,3,28096136960,True,False
DF_QPE,5dad4064-cd11-412f-85cb-d722afe3b3de,,na_cl_0,3f141f05-532b-478d-b38a-2ae07baadc88,a2f9649f-0f47-4a5d-a6a7-b0bebc848797,677d97ee-5a46-4d49-82d6-ca3fc98a59a7,sftp://sftp.l3harris.com/gsee/small_molecules/fcidump.na_cl_cc-pVQZ.677d97ee-5a46-4d49-82d6-ca3fc98a59a7.gz,118,86400,1.0,-621.7073899161356,,False,False,False,,,,,,False,False
DF_QPE,5dad4064-cd11-412f-85cb-d722afe3b3de,811e463c-02b2-4138-b51a-67c9b239bb07,na_cl_0,3f141f05-532b-478d-b38a-2ae07baadc88,01ec60f7-d38a-4c33-a498-659a388e10ee,444f3f27-904b-463f-b2f2-c92686c9637d,sftp://sftp.l3harris.com/gsee/small_molecules/fcidump.na_cl_cc-pVTZ.444f3f27-904b-463f-b2f2-c92686c9637d.gz,68,86400,1.0,-621.6791687419825,,True,False,True,11030646.307811,True,2217,3,590059145616,True,False
DF_QPE,5dad4064-cd11-412f-85cb-d722afe3b3de,35248d87-1200-4dd4-a98a-e1636f9b169e,c2_h2_0,0ca102a7-dad4-4d42-8c73-9acfa45378d7,2761e36e-f001-42af-8086-f507b5643ec8,5b507b3d-b6fc-4e13-9586-06113819d99f,sftp://sftp.l3harris.com/gsee/small_molecules/fcidump.c2_h2_cc-pVDZ.5b507b3d-b6fc-4e13-9586-06113819d99f.gz,38,86400,1.0,-77.11057384518455,,True,False,True,936792.8274810001,True,1222,16,50116822896,True,False
DF_QPE,5dad4064-cd11-412f-85cb-d722afe3b3de,,c2_h2_0,0ca102a7-dad4-4d42-8c73-9acfa45378d7,b1352b0c-aa96-4f58-a0e2-356d3c43c8a1,57793481-c847-4746-8241-ea949add5f87,sftp://sftp.l3harris.com/gsee/small_molecules/fcidump.c2_h2_cc-pVTZ.57793481-c847-4746-8241-ea949add5f87.gz,88,86400,1.0,-77.18881666659045,,False,False,False,,,,,,False,False
DF_QPE,5dad4064-cd11-412f-85cb-d722afe3b3de,c758525c-8ff3-484f-a37f-2916348ec7d9,li_f_0,e48e7467-1fcd-478b-a599-f4ce881c57b9,80043b93-039c-4d5a-abcb-84b8f25f7abb,19cf5a4d-e90f-4ab1-a062-b20089724a63,sftp://sftp.l3harris.com/gsee/small_molecules/fcidump.li_f_cc-pVDZ.19cf5a4d-e90f-4ab1-a062-b20089724a63.gz,28,86400,1.0,-107.15554124510972,,True,False,True,108629.479702,True,874,3,7030474264,True,False
DF_QPE,5dad4064-cd11-412f-85cb-d722afe3b3de,,li_f_0,e48e7467-1fcd-478b-a599-f4ce881c57b9,0485949f-722c-49ee-a748-eec54801f021,2294b211-7a05-445e-810d-4c1706e1444c,sftp://sftp.l3harris.com/gsee/small_molecules/fcidump.li_f_cc-pVQZ.2294b211-7a05-445e-810d-4c1706e1444c.gz,110,86400,1.0,-107.30032314741152,,False,False,False,,,,,,False,False
DF_QPE,5dad4064-cd11-412f-85cb-d722afe3b3de,c758525c-8ff3-484f-a37f-2916348ec7d9,li_f_0,e48e7467-1fcd-478b-a599-f4ce881c57b9,b80345ff-5df9-4fb3-86ab-0a25188b296d,c0df5db1-1bc0-40f5-9cff-6aa2867aba7c,sftp://sftp.l3harris.com/gsee/small_molecules/fcidump.li_f_cc-pVTZ.c0df5db1-1bc0-40f5-9cff-6aa2867aba7c.gz,60,86400,1.0,-107.26376537769306,,True,False,True,7033567.267895,True,1973,3,376263936256,True,False
DF_QPE,5dad4064-cd11-412f-85cb-d722afe3b3de,ef71fcc5-c2f3-48dd-a7c9-34bb59783c42,h2_c_o_0,25fd617b-8e7f-4422-9e97-cc3f6b0d3876,d58cb72b-e144-4164-aec0-309aaef6394c,d3d8851e-f3df-490c-975a-467933bd9fa1,sftp://sftp.l3harris.com/gsee/small_molecules/fcidump.h2_c_o_cc-pVDZ.d3d8851e-f3df-490c-975a-467933bd9fa1.gz,38,86400,1.0,-114.2196776531971,,True,False,True,2274967.1846039994,True,1225,21,121723684976,True,False
DF_QPE,5dad4064-cd11-412f-85cb-d722afe3b3de,,h2_c_o_0,25fd617b-8e7f-4422-9e97-cc3f6b0d3876,ed09e1bf-40f3-4bf0-b9c7-7bb1990c5cae,f1c78add-0e23-423a-bb96-f1370626aa47,sftp://sftp.l3harris.com/gsee/small_molecules/fcidump.h2_c_o_cc-pVTZ.f1c78add-0e23-423a-bb96-f1370626aa47.gz,88,86400,1.0,-114.33491928834412,,False,False,False,,,,,,False,False
DF_QPE,5dad4064-cd11-412f-85cb-d722afe3b3de,19aa8d8e-fb47-4c6d-bab1-bd7b8f822239,planted_solution_0011,766ba2da-e72a-4e03-a739-f97269026fc4,0021e256-8e13-42db-839d-e9155e8af82c,befcf6f0-cfcb-49b7-b661-de48ad8a44c8,sftp://sftp.l3harris.com/gsee/planted_solutions/fcidump.planted_solution_0011.befcf6f0-cfcb-49b7-b661-de48ad8a44c8.gz,31,86400,1.0,-588.2719562417219,,True,False,True,292003.93619100004,True,1051,2,18905040432,True,False
DF_QPE,5dad4064-cd11-412f-85cb-d722afe3b3de,3a661c4a-54f0-41ea-bd54-ec4532a2b121,Mn_0,bc202949-d76c-4962-b937-5c12b298b8b4,289f5dfe-e6d5-48a3-a6ae-25088321d3c6,a83413fb-96e3-466e-910b-6d4bab7cdf1d,sftp://sftp.l3harris.com/gsee/small_molecules/fcidump.Mn0_vdz.a83413fb-96e3-466e-910b-6d4bab7cdf1d.gz,54,86400,1.0,-103.94226,,True,False,True,6546905.749731999,True,1735,8,350270261360,True,False
DF_QPE,5dad4064-cd11-412f-85cb-d722afe3b3de,,Mn_0,bc202949-d76c-4962-b937-5c12b298b8b4,24f12fad-130e-44fc-8b07-bc26c5a3d878,07c9da30-e172-4183-a8af-301628b75f1c,sftp://sftp.l3harris.com/gsee/small_molecules/fcidump.Mn0_vtz.07c9da30-e172-4183-a8af-301628b75f1c.gz,88,86400,1.0,-104.06366,,False,False,False,,,,,,False,False
DF_QPE,5dad4064-cd11-412f-85cb-d722afe3b3de,3059aea2-6f95-4b31-86e5-efc426a7abab,planted_solution_0008,b57eb979-5c09-4974-97b4-5862e109a1ae,af56de36-35aa-44b9-8eb7-b9c1e8f7d0f3,44060124-8f2d-4a91-80a9-5a29f0f4f716,sftp://sftp.l3harris.com/gsee/planted_solutions/fcidump.planted_solution_0008.44060124-8f2d-4a91-80a9-5a29f0f4f716.gz,14,86400,1.0,-117.1341466614673,,True,True,True,62407.81468200001,True,516,7,4042130632,True,True
DF_QPE,5dad4064-cd11-412f-85cb-d722afe3b3de,0afd299c-7e26-41e6-a385-50d6f600d1f6,mo_n2,664ec8e4-09d5-41cc-6266-ddb26219366f,00ba4917-d66a-4335-819f-43390dfc9929,23aa47ca-9afe-4086-bd97-75de310e033e,sftp://sftp.l3harris.com/gsee/fcidump.9_mo_n2-_noncan_0.2_new.23aa47ca-9afe-4086-bd97-75de310e033e.gz,31,172800,1.0,-4800.64948758995,2124-03-20T20:48:21.795324+00:00,True,False,True,240757.083001,True,953,4,15581218328,True,False
DF_QPE,5dad4064-cd11-412f-85cb-d722afe3b3de,0afd299c-7e26-41e6-a385-50d6f600d1f6,mo_n2,664ec8e4-09d5-41cc-6266-ddb26219366f,b9cc699a-80f8-4280-9731-23dee4d5a6a5,e10bd99a-435c-41cd-84f1-41bd67890fc7,sftp://sftp.l3harris.com/gsee/fcidump.10_fecp2+_s0.5_noncan_0.2_new.e10bd99a-435c-41cd-84f1-41bd67890fc7.gz,46,172800,1.0,,2124-03-20T20:48:21.795324+00:00,True,False,True,3276299.790576,True,1452,6,175247853560,True,False
DF_QPE,5dad4064-cd11-412f-85cb-d722afe3b3de,0afd299c-7e26-41e6-a385-50d6f600d1f6,mo_n2,664ec8e4-09d5-41cc-6266-ddb26219366f,dfd78a05-437d-4667-88d7-7e2a3384b816,b71baf3c-d5f0-4f8d-aead-648ba69a058e,sftp://sftp.l3harris.com/gsee/fcidump.11_fecp2_s0_noncan_0.2_new.b71baf3c-d5f0-4f8d-aead-648ba69a058e.gz,46,172800,1.0,-1647.3491358097,2124-03-20T20:48:21.795324+00:00,True,False,True,3010438.224809,True,1452,7,161024968696,True,False
DF_QPE,5dad4064-cd11-412f-85cb-d722afe3b3de,0afd299c-7e26-41e6-a385-50d6f600d1f6,mo_n2,664ec8e4-09d5-41cc-6266-ddb26219366f,35c1aee4-4ef3-4e18-bc2a-377cf45e8fa1,77c12db8-c32e-4f88-8552-9762a0fff763,sftp://sftp.l3harris.com/gsee/fcidump.12_mo_n2_noncan_0.2_new.77c12db8-c32e-4f88-8552-9762a0fff763.gz,30,172800,1.0,-4800.62572354644,2124-03-20T20:48:21.795324+00:00,True,False,True,436696.342665,True,896,19,28274132608,True,False
DF_QPE,5dad4064-cd11-412f-85cb-d722afe3b3de,8a57d0c2-74ab-41bd-abcc-fb7e16e31ece,li_h_0,6d355019-13aa-41fc-a530-31d5f968ba22,92917287-d937-410c-bb70-c1f34224fab7,9c6f0876-5690-4391-a98c-0347d111257e,sftp://sftp.l3harris.com/gsee/small_molecules/fcidump.li_h_cc-pVDZ.9c6f0876-5690-4391-a98c-0347d111257e.gz,19,86400,1.0,-8.014358466118416,,True,True,True,22651.048799,True,594,4,1465763136,True,True
DF_QPE,5dad4064-cd11-412f-85cb-d722afe3b3de,,li_h_0,6d355019-13aa-41fc-a530-31d5f968ba22,13b4bdcc-1cef-419a-92b1-156febff71d4,c21d87dd-9338-4498-8ed6-95b0dacd75b1,sftp://sftp.l3harris.com/gsee/small_molecules/fcidump.li_h_cc-pVQZ.c21d87dd-9338-4498-8ed6-95b0dacd75b1.gz,85,86400,1.0,-8.023909093090127,,False,False,False,,,,,,False,False
DF_QPE,5dad4064-cd11-412f-85cb-d722afe3b3de,8a57d0c2-74ab-41bd-abcc-fb7e16e31ece,li_h_0,6d355019-13aa-41fc-a530-31d5f968ba22,d15db194-aa2d-4de9-8f86-fcffeb82f38b,02d12f52-ff42-4adf-99b9-acada93cb96b,sftp://sftp.l3harris.com/gsee/small_molecules/fcidump.li_h_cc-pVTZ.02d12f52-ff42-4adf-99b9-acada93cb96b.gz,44,86400,1.0,-8.022302449356395,,True,False,True,1311249.4284180002,True,1393,4,84899399672,True,False
DF_QPE,5dad4064-cd11-412f-85cb-d722afe3b3de,af59830e-6897-4179-a8f9-2c863b572378,li2_0,3301a356-21a9-472b-8021-f02f4d2c9eec,e7d3b8bd-ff6c-44f6-8a9e-b9b75396cee0,243670ee-2d2e-4d90-abc1-16938a04a80b,sftp://sftp.l3harris.com/gsee/small_molecules/fcidump.li2_cc-pVDZ.243670ee-2d2e-4d90-abc1-16938a04a80b.gz,28,86400,1.0,-14.90054725426568,,True,False,True,109823.87373800001,True,842,6,7108986392,True,False
DF_QPE,5dad4064-cd11-412f-85cb-d722afe3b3de,,li2_0,3301a356-21a9-472b-8021-f02f4d2c9eec,aaa24a30-ade6-44a6-b6aa-51bf54c31eef,6224abe8-831e-4b52-b8d9-8ebac0a35c2b,sftp://sftp.l3harris.com/gsee/small_molecules/fcidump.li2_cc-pVQZ.6224abe8-831e-4b52-b8d9-8ebac0a35c2b.gz,110,86400,1.0,-14.903673820903151,,False,False,False,,,,,,False,False
DF_QPE,5dad4064-cd11-412f-85cb-d722afe3b3de,af59830e-6897-4179-a8f9-2c863b572378,li2_0,3301a356-21a9-472b-8021-f02f4d2c9eec,410cd417-988a-4f7f-99ad-93dda7eacdcb,26d2547c-96a4-400d-9528-9987ae6699b2,sftp://sftp.l3harris.com/gsee/small_molecules/fcidump.li2_cc-pVTZ.26d2547c-96a4-400d-9528-9987ae6699b2.gz,60,86400,1.0,-14.903161904021912,,True,False,True,3011173.519955,True,1906,6,161046464504,True,False
DF_QPE,5dad4064-cd11-412f-85cb-d722afe3b3de,69434d6a-0906-475f-af9a-c7e1887fa4d1,h_f_0,892e3341-7186-44c6-9a1a-20f270ddc8b8,b59bd259-4941-4cec-bca5-e2795c35d8e0,b93a2eeb-79c3-4f98-8919-f5e0aaedcea7,sftp://sftp.l3harris.com/gsee/small_molecules/fcidump.h_f_cc-pVDZ.b93a2eeb-79c3-4f98-8919-f5e0aaedcea7.gz,19,86400,1.0,-100.2286401848582,,True,True,True,46090.148089,True,618,4,2984347040,True,True
DF_QPE,5dad4064-cd11-412f-85cb-d722afe3b3de,,h_f_0,892e3341-7186-44c6-9a1a-20f270ddc8b8,9e3c577f-a25d-42f5-a809-61dfb63a52de,ff2ff7dd-2eb8-4565-a59e-76a47db07fbc,sftp://sftp.l3harris.com/gsee/small_molecules/fcidump.h_f_cc-pVQZ.ff2ff7dd-2eb8-4565-a59e-76a47db07fbc.gz,85,86400,1.0,-100.37341675527789,,False,False,False,,,,,,False,False
DF_QPE,5dad4064-cd11-412f-85cb-d722afe3b3de,69434d6a-0906-475f-af9a-c7e1887fa4d1,h_f_0,892e3341-7186-44c6-9a1a-20f270ddc8b8,daa86ad6-bda9-4d47-a50d-4ec34801bd82,819ffa8e-51ee-4e78-aa07-17686d7a9488,sftp://sftp.l3harris.com/gsee/small_molecules/fcidump.h_f_cc-pVTZ.819ffa8e-51ee-4e78-aa07-17686d7a9488.gz,44,86400,1.0,-100.33860747196128,,True,False,True,3041066.565414,True,1446,4,162699937904,True,False
DF_QPE,5dad4064-cd11-412f-85cb-d722afe3b3de,7866b696-fca2-4dd9-a26c-8a9f50e85b0c,Fe_0,05abb33d-ecea-406f-8832-31a814b26dfd,5b8f4746-a08b-4ec5-92e2-ce55cc2fdb75,133ec573-3d06-4582-b2f5-8afe8be8dbe3,sftp://sftp.l3harris.com/gsee/small_molecules/fcidump.Fe0_vdz.133ec573-3d06-4582-b2f5-8afe8be8dbe3.gz,54,86400,1.0,-123.51812,,True,False,True,6776849.2104090005,True,1735,7,362544892016,True,False
DF_QPE,5dad4064-cd11-412f-85cb-d722afe3b3de,,Fe_0,05abb33d-ecea-406f-8832-31a814b26dfd,c63f5f9b-ee73-4887-949b-dd1e74c31874,cb274492-6acb-4426-a4f6-8cb4a8cef3c5,sftp://sftp.l3harris.com/gsee/small_molecules/fcidump.Fe0_vtz.cb274492-6acb-4426-a4f6-8cb4a8cef3c5.gz,88,86400,1.0,-123.6572,,False,False,False,,,,,,False,False
DF_QPE,5dad4064-cd11-412f-85cb-d722afe3b3de,656f3786-670e-4117-b65a-b33f94defaa8,planted_solution_0010,bf3fb654-72c7-4fd4-bfd1-9ffef5aaebd8,7cc1ed5c-0dcb-4315-9e51-2ae94b5cdd02,eea867d0-285e-462d-94ab-15579c782be7,sftp://sftp.l3harris.com/gsee/planted_solutions/fcidump.planted_solution_0010.eea867d0-285e-462d-94ab-15579c782be7.gz,30,86400,1.0,-534.4214123703147,,True,False,True,296764.38406899996,True,1025,2,19212273200,True,False
DF_QPE,5dad4064-cd11-412f-85cb-d722afe3b3de,0a22de0f-df1b-4d2b-951b-5bc300b40b31,ru_macho,b78a10f2-ce8a-43c0-69ec-4cf666d8e85c,4357d5bb-ed2b-466a-947b-e868afb81d3d,1dc29784-ab7f-45a1-9821-31fea4363d74,sftp://sftp.l3harris.com/gsee/fcidump.2_co2_0.2_old.1dc29784-ab7f-45a1-9821-31fea4363d74.gz,6,172800,1.0,-187.721413991188,2124-03-20T20:48:21.795324+00:00,True,True,True,206.23134100000001,True,211,2,16784944,True,True
DF_QPE,5dad4064-cd11-412f-85cb-d722afe3b3de,0a22de0f-df1b-4d2b-951b-5bc300b40b31,ru_macho,b78a10f2-ce8a-43c0-69ec-4cf666d8e85c,b164af91-a758-445c-8e78-610ffd2ad795,5dbed2ac-f9a4-4afe-9b18-f67378a51fb2,sftp://sftp.l3harris.com/gsee/fcidump.7_melact_0.2_old.5dbed2ac-f9a4-4afe-9b18-f67378a51fb2.gz,9,172800,1.0,-380.9018801594908,2124-03-20T20:48:21.795324+00:00,True,True,True,1972.3235829999996,True,305,3,127562592,True,True
DF_QPE,5dad4064-cd11-412f-85cb-d722afe3b3de,0a22de0f-df1b-4d2b-951b-5bc300b40b31,ru_macho,b78a10f2-ce8a-43c0-69ec-4cf666d8e85c,28bd4997-c04c-4914-9984-0101713041fe,587f69a8-4295-4d6d-811e-0eacfbc5f6dd,sftp://sftp.l3harris.com/gsee/fcidump.8_melact_0.2_old.587f69a8-4295-4d6d-811e-0eacfbc5f6dd.gz,14,172800,1.0,-380.8881748288609,2124-03-20T20:48:21.795324+00:00,True,True,True,4155.958849,True,432,2,268506048,True,True
DF_QPE,5dad4064-cd11-412f-85cb-d722afe3b3de,0a22de0f-df1b-4d2b-951b-5bc300b40b31,ru_macho,b78a10f2-ce8a-43c0-69ec-4cf666d8e85c,dcf2b441-b297-4a89-ae18-5778ec2d674d,46aea10c-d57f-4133-9837-3c57d474d9a2,sftp://sftp.l3harris.com/gsee/fcidump.0_ru_macho_noncan_0.2_new.46aea10c-d57f-4133-9837-3c57d474d9a2.gz,12,172800,1.0,-2021.175594529969,2124-03-20T20:48:21.795324+00:00,True,True,True,3094.471817,True,383,2,199971776,True,True
DF_QPE,5dad4064-cd11-412f-85cb-d722afe3b3de,0a22de0f-df1b-4d2b-951b-5bc300b40b31,ru_macho,b78a10f2-ce8a-43c0-69ec-4cf666d8e85c,6346b7fe-a4a5-4b10-a79b-706d4339923e,496aaf89-2cdf-43cf-8b25-246e915cc8b5,sftp://sftp.l3harris.com/gsee/fcidump.1_ru_macho_noncan_0.2_new.496aaf89-2cdf-43cf-8b25-246e915cc8b5.gz,33,172800,1.0,-2021.356651702967,2124-03-20T20:48:21.795324+00:00,True,False,True,286072.00971499993,True,1013,4,18508777224,True,False
DF_QPE,5dad4064-cd11-412f-85cb-d722afe3b3de,0a22de0f-df1b-4d2b-951b-5bc300b40b31,ru_macho,b78a10f2-ce8a-43c0-69ec-4cf666d8e85c,68db6781-dd54-43c4-b667-7b754c4d5cdb,0d7e4a74-fd11-46e3-ba22-044a7ebc54c7,sftp://sftp.l3harris.com/gsee/fcidump.3_ts_ru_macho_co2_noncan_0.2_new.0d7e4a74-fd11-46e3-ba22-044a7ebc54c7.gz,23,172800,1.0,-2208.990491372022,2124-03-20T20:48:21.795324+00:00,True,True,True,53861.697282999994,True,693,3,3484042672,True,True
DF_QPE,5dad4064-cd11-412f-85cb-d722afe3b3de,0a22de0f-df1b-4d2b-951b-5bc300b40b31,ru_macho,b78a10f2-ce8a-43c0-69ec-4cf666d8e85c,d3ecd428-ee03-4d8b-aa14-af4d935781ed,e5e63f77-dbaa-431c-a53f-93c0f4c0758d,sftp://sftp.l3harris.com/gsee/fcidump.4_ts_ru_macho_co2_noncan_0.2_new.e5e63f77-dbaa-431c-a53f-93c0f4c0758d.gz,45,172800,1.0,-2209.163580420163,2124-03-20T20:48:21.795324+00:00,True,False,True,1335351.4579460002,True,1376,5,86421997440,True,False
DF_QPE,5dad4064-cd11-412f-85cb-d722afe3b3de,0a22de0f-df1b-4d2b-951b-5bc300b40b31,ru_macho,b78a10f2-ce8a-43c0-69ec-4cf666d8e85c,89253c8f-0f01-4046-a138-1bada22f0a6a,d7bea809-6e34-49f8-8daf-8d728dd18268,sftp://sftp.l3harris.com/gsee/fcidump.5_ts_ru_macho_melact_noncan_0.2_new.d7bea809-6e34-49f8-8daf-8d728dd18268.gz,21,172800,1.0,-2402.040506564869,2124-03-20T20:48:21.795324+00:00,True,True,True,43084.89137499999,True,643,3,2787362112,True,True
DF_QPE,5dad4064-cd11-412f-85cb-d722afe3b3de,0a22de0f-df1b-4d2b-951b-5bc300b40b31,ru_macho,b78a10f2-ce8a-43c0-69ec-4cf666d8e85c,842d2152-2f91-4dce-b088-7ed26afb2381,73ae455f-a729-4fac-a626-5654b03c1ef5,sftp://sftp.l3harris.com/gsee/fcidump.6_ts_ru_macho_melact_noncan_0.2_new.73ae455f-a729-4fac-a626-5654b03c1ef5.gz,42,172800,1.0,-2402.219494504201,2124-03-20T20:48:21.795324+00:00,True,False,True,1114454.069333,True,1293,4,72133052288,True,False
DF_QPE,5dad4064-cd11-412f-85cb-d722afe3b3de,b062b973-2916-4c90-9a02-3257ff826147,Cu_1,d5c7ab73-dfc1-499e-9027-601476004107,5f5fee92-5821-4d38-a54a-d204660f205f,6facf2d4-6cb3-49b6-8b66-3bd21c1461ec,sftp://sftp.l3harris.com/gsee/small_molecules/fcidump.Cu1_vdz.6facf2d4-6cb3-49b6-8b66-3bd21c1461ec.gz,54,86400,1.0,-196.96723,,True,False,True,4590249.434356,True,1790,7,245556316272,True,False
DF_QPE,5dad4064-cd11-412f-85cb-d722afe3b3de,,Cu_1,d5c7ab73-dfc1-499e-9027-601476004107,1c7f5399-8982-4daf-81a5-7cef4e4588cc,68952c71-d281-40fa-bcd2-cb0352f70a89,sftp://sftp.l3harris.com/gsee/small_molecules/fcidump.Cu1_vtz.68952c71-d281-40fa-bcd2-cb0352f70a89.gz,88,86400,1.0,-197.16304,,False,False,False,,,,,,False,False
DF_QPE,5dad4064-cd11-412f-85cb-d722afe3b3de,ff832a34-a374-4b9d-8eff-75412870b0de,n_h3_0,127cfea5-8a7d-45a0-9012-949816a0b8d9,77c3a92c-066c-4043-a4a1-5e8324014d0b,9820e181-088a-4b00-8a14-8cafb952ccdd,sftp://sftp.l3harris.com/gsee/small_molecules/fcidump.n_h3_cc-pVDZ.9820e181-088a-4b00-8a14-8cafb952ccdd.gz,29,86400,1.0,-56.40247687620448,,True,False,True,681890.2368369999,True,936,10,44159862504,True,False
DF_QPE,5dad4064-cd11-412f-85cb-d722afe3b3de,,n_h3_0,127cfea5-8a7d-45a0-9012-949816a0b8d9,1094e868-f84e-403b-9b54-50802b1cdb60,3b423f54-aa64-4331-a59b-d6c37de1fbb6,sftp://sftp.l3harris.com/gsee/small_molecules/fcidump.n_h3_cc-pVTZ.3b423f54-aa64-4331-a59b-d6c37de1fbb6.gz,72,86400,1.0,-56.47363394407086,,False,False,False,,,,,,False,False
DF_QPE,5dad4064-cd11-412f-85cb-d722afe3b3de,967736c9-d731-4ed5-9a74-772f3c4fcf78,planted_solution_0006,42958a3e-8b35-4992-acd8-6711848066c1,d28f02ba-d43f-4df9-a01a-f1e8ac326e08,a4b9a6bd-4479-44b2-b172-642f74396781,sftp://sftp.l3harris.com/gsee/planted_solutions/fcidump.planted_solution_0006.a4b9a6bd-4479-44b2-b172-642f74396781.gz,14,86400,1.0,-113.97424557507351,,True,True,True,61130.429207,True,516,4,3959293128,True,True
DF_QPE,5dad4064-cd11-412f-85cb-d722afe3b3de,5d98439e-798b-49cb-9143-7bfb5845d7d2,n2_h4_0,f1a6b508-75e8-4afb-9c81-fc61af11b523,828c931b-4d5a-486e-ba26-abb293c1ccef,aba33661-3ce8-4f28-824f-e98244906d94,sftp://sftp.l3harris.com/gsee/small_molecules/fcidump.n2_h4_cc-pVDZ.aba33661-3ce8-4f28-824f-e98244906d94.gz,48,86400,1.0,-111.5710695308248,,True,False,True,11479902.063199002,True,1562,34,614230132968,True,False
DF_QPE,5dad4064-cd11-412f-85cb-d722afe3b3de,81994a12-f65d-4dc3-9b61-68c5ea543194,c2_h4_0,9fbd9b4c-5ea9-4095-af7b-7d4491399e42,26423f2e-e3e1-4bbb-b2ff-52bdae87d65b,40035d66-75b8-4b6e-95e5-8b1a3ff1a61d,sftp://sftp.l3harris.com/gsee/small_molecules/fcidump.c2_h4_cc-pVDZ.40035d66-75b8-4b6e-95e5-8b1a3ff1a61d.gz,48,86400,1.0,-78.35588036909999,,True,False,True,4261000.753793,True,1510,25,227974842480,True,False
DF_QPE,5dad4064-cd11-412f-85cb-d722afe3b3de,,c2_h4_0,9fbd9b4c-5ea9-4095-af7b-7d4491399e42,9757b7c2-d420-4ebb-8da7-38238951a5ca,4bd40563-25e1-4334-bf15-3ccd36c05ab2,sftp://sftp.l3harris.com/gsee/small_molecules/fcidump.c2_h4_cc-pVTZ.4bd40563-25e1-4334-bf15-3ccd36c05ab2.gz,116,86400,1.0,-78.4398389278,,False,False,False,,,,,,False,False
DF_QPE,5dad4064-cd11-412f-85cb-d722afe3b3de,37442a82-0f26-4050-ad4c-35cfe3f0fab9,O_1,d712afaf-6ec4-42d9-b5fd-1edee3ec1046,752966e5-7de7-4506-82ae-6b22cd54b1c1,0767fb16-25bd-4f1c-b134-6b536191b36e,sftp://sftp.l3harris.com/gsee/small_molecules/fcidump.O1_vdz.0767fb16-25bd-4f1c-b134-6b536191b36e.gz,22,86400,1.0,-15.300670000000002,,True,True,True,63588.438512999994,True,715,2,4116415904,True,True
DF_QPE,5dad4064-cd11-412f-85cb-d722afe3b3de,,O_1,d712afaf-6ec4-42d9-b5fd-1edee3ec1046,64122cc6-e1bb-4c11-8d00-2189d27194f1,3b587c2c-9579-4c7b-8b3f-e00c69c42981,sftp://sftp.l3harris.com/gsee/small_molecules/fcidump.O1_vqz.3b587c2c-9579-4c7b-8b3f-e00c69c42981.gz,79,86400,1.0,-15.3421,,False,False,False,,,,,,False,False
DF_QPE,5dad4064-cd11-412f-85cb-d722afe3b3de,37442a82-0f26-4050-ad4c-35cfe3f0fab9,O_1,d712afaf-6ec4-42d9-b5fd-1edee3ec1046,f9bdbb3b-91b6-43f3-93ca-bef1e10d3835,ee1c9912-bca9-42fa-a90d-421e9a26c785,sftp://sftp.l3harris.com/gsee/small_molecules/fcidump.O1_vtz.ee1c9912-bca9-42fa-a90d-421e9a26c785.gz,45,86400,1.0,-15.33358,,True,False,True,1131370.594502,True,1472,2,73244477432,True,False
DF_QPE,5dad4064-cd11-412f-85cb-d722afe3b3de,c446f93e-dc84-45c1-8e6a-83f966074213,cr_dimer,8ed1a800-a4c6-4bff-a6de-cb220554c42f,9030e9c9-0323-413c-a98e-aba16b180ba7,3092dd74-660d-4c7a-9d43-16d1436e084b,sftp://sftp.l3harris.com/gsee/FCIDUMP_d_1.68_b_sto-3g_ne_12.3092dd74-660d-4c7a-9d43-16d1436e084b.gz,18,172800,1.0,,2124-10-26T21:13:19.486764,True,False,True,430423.07518999994,True,574,689,23031711424,True,False
DF_QPE,5dad4064-cd11-412f-85cb-d722afe3b3de,c446f93e-dc84-45c1-8e6a-83f966074213,cr_dimer,8ed1a800-a4c6-4bff-a6de-cb220554c42f,c7c653b0-4440-4a36-a66b-8b81a9a351c7,96843098-e69d-4d1f-8a88-5b24826f7390,sftp://sftp.l3harris.com/gsee/FCIDUMP_d_1.68_b_sto-3g_ne_28.96843098-e69d-4d1f-8a88-5b24826f7390.gz,26,172800,1.0,,2124-10-26T21:13:19.486764,True,False,True,4162912.5819209996,True,827,5090,222760536096,True,False
DF_QPE,5dad4064-cd11-412f-85cb-d722afe3b3de,c446f93e-dc84-45c1-8e6a-83f966074213,cr_dimer,8ed1a800-a4c6-4bff-a6de-cb220554c42f,82f35801-6276-4090-a9aa-b821d94708d4,673dfe91-d90e-4ecd-8560-d6d74de11070,sftp://sftp.l3harris.com/gsee/FCIDUMP_d_1.68_b_cc-pvdz-dk_ne_12.673dfe91-d90e-4ecd-8560-d6d74de11070.gz,68,172800,1.0,,2124-10-26T21:13:19.486764,False,False,True,,True,2223,323258,178066458414544,True,False
DF_QPE,5dad4064-cd11-412f-85cb-d722afe3b3de,,cr_dimer,8ed1a800-a4c6-4bff-a6de-cb220554c42f,362386c9-f0c2-483e-a64d-52208ab9bbc1,4412b7d6-86db-4616-9dd2-2c32ee02560f,sftp://sftp.l3harris.com/gsee/FCIDUMP_d_1.68_b_cc-pvdz-dk_ne_28.4412b7d6-86db-4616-9dd2-2c32ee02560f.gz,76,172800,1.0,,2124-10-26T21:13:19.486764,False,False,False,,,,,,False,False
DF_QPE,5dad4064-cd11-412f-85cb-d722afe3b3de,c446f93e-dc84-45c1-8e6a-83f966074213,cr_dimer,8ed1a800-a4c6-4bff-a6de-cb220554c42f,61ad4cfe-b057-4dd8-bd06-ed56347745c1,cdf017c4-7c30-4274-9567-f5e55a6ba857,sftp://sftp.l3harris.com/gsee/FCIDUMP_d_2.0_b_sto-3g_ne_12.cdf017c4-7c30-4274-9567-f5e55a6ba857.gz,18,172800,1.0,,2124-10-26T21:13:19.486764,True,False,True,885834.579693,True,575,2904,47401404192,True,False
DF_QPE,5dad4064-cd11-412f-85cb-d722afe3b3de,c446f93e-dc84-45c1-8e6a-83f966074213,cr_dimer,8ed1a800-a4c6-4bff-a6de-cb220554c42f,fc25a232-d249-4e1c-a9ec-360cab33f779,d9341cde-90e8-4d1e-beb2-4e40246d31ce,sftp://sftp.l3harris.com/gsee/FCIDUMP_d_2.0_b_sto-3g_ne_28.d9341cde-90e8-4d1e-beb2-4e40246d31ce.gz,26,172800,1.0,-470.7185128567409,2124-10-26T21:13:19.486764,True,False,True,9881909.553916002,True,828,7745,450453571720,True,False
DF_QPE,5dad4064-cd11-412f-85cb-d722afe3b3de,c446f93e-dc84-45c1-8e6a-83f966074213,cr_dimer,8ed1a800-a4c6-4bff-a6de-cb220554c42f,b99ec02f-b46a-43fe-8a87-1b3286e072d8,5439a548-153b-4990-be12-f0e33c30fe63,sftp://sftp.l3harris.com/gsee/FCIDUMP_d_2.0_b_cc-pvdz-dk_ne_12.5439a548-153b-4990-be12-f0e33c30fe63.gz,68,172800,1.0,,2124-10-26T21:13:19.486764,False,False,True,,True,2221,35137,48834398915776,True,False
DF_QPE,5dad4064-cd11-412f-85cb-d722afe3b3de,,cr_dimer,8ed1a800-a4c6-4bff-a6de-cb220554c42f,8874bf11-f594-41df-b8a0-d2a7441904a1,e2995852-9911-4021-a82f-5b14ddb2d5c8,sftp://sftp.l3harris.com/gsee/FCIDUMP_d_2.0_b_cc-pvdz-dk_ne_28.e2995852-9911-4021-a82f-5b14ddb2d5c8.gz,76,172800,1.0,,2124-10-26T21:13:19.486764,False,False,False,,,,,,False,False
DF_QPE,5dad4064-cd11-412f-85cb-d722afe3b3de,c446f93e-dc84-45c1-8e6a-83f966074213,cr_dimer,8ed1a800-a4c6-4bff-a6de-cb220554c42f,202e6184-1e7d-4c02-a82a-f588b6abf809,67acc90d-1a9e-49a7-98a1-8ca643dca272,sftp://sftp.l3harris.com/gsee/FCIDUMP_d_3.0_b_sto-3g_ne_12.67acc90d-1a9e-49a7-98a1-8ca643dca272.gz,18,172800,1.0,-156.7739602011705,2124-10-26T21:13:19.486764,True,False,True,452488.93281499995,True,574,1316,24212408000,True,False
DF_QPE,5dad4064-cd11-412f-85cb-d722afe3b3de,c446f93e-dc84-45c1-8e6a-83f966074213,cr_dimer,8ed1a800-a4c6-4bff-a6de-cb220554c42f,7c8f0a36-cda5-4b33-bb46-4e58a15b37a1,01d526fb-276e-4369-85d4-66a553a1d02e,sftp://sftp.l3harris.com/gsee/FCIDUMP_d_3.0_b_sto-3g_ne_28.01d526fb-276e-4369-85d4-66a553a1d02e.gz,26,172800,1.0,,2124-10-26T21:13:19.486764,True,False,True,1951385.419593,True,826,435,104417724344,True,False
DF_QPE,5dad4064-cd11-412f-85cb-d722afe3b3de,c446f93e-dc84-45c1-8e6a-83f966074213,cr_dimer,8ed1a800-a4c6-4bff-a6de-cb220554c42f,cbab5937-5e2f-4f3f-819e-ede8b66d7238,b0eb2de4-1286-4cfb-8724-e5e4bfc7a4f4,sftp://sftp.l3harris.com/gsee/FCIDUMP_d_3.0_b_cc-pvdz-dk_ne_12.b0eb2de4-1286-4cfb-8724-e5e4bfc7a4f4.gz,68,172800,1.0,,2124-10-26T21:13:19.486764,False,False,True,,True,2153,42534,48493217451200,True,False
DF_QPE,5dad4064-cd11-412f-85cb-d722afe3b3de,,cr_dimer,8ed1a800-a4c6-4bff-a6de-cb220554c42f,c28e09e1-5983-42f7-9ecb-b271438ebcc8,2101e6fa-9fb3-4697-98be-25a4e0de2079,sftp://sftp.l3harris.com/gsee/FCIDUMP_d_3.0_b_cc-pvdz-dk_ne_28.2101e6fa-9fb3-4697-98be-25a4e0de2079.gz,76,172800,1.0,,2124-10-26T21:13:19.486764,False,False,False,,,,,,False,False
DF_QPE,5dad4064-cd11-412f-85cb-d722afe3b3de,,be_0,19cada59-64cc-466c-8809-782a4f574dcc,3fb92ecd-bcbc-43dd-9f29-aa56ea646b75,cc2b3628-dc13-4a95-8765-37211a995068,sftp://sftp.l3harris.com/gsee/small_molecules/fcidump.be_cc-pVDZ.cc2b3628-dc13-4a95-8765-37211a995068.gz,14,86400,1.0,-14.616842593115484,,False,False,False,,,,,,False,False
DF_QPE,5dad4064-cd11-412f-85cb-d722afe3b3de,aa6f643d-fc5e-4dd5-bc8d-8f31727c1644,be_0,19cada59-64cc-466c-8809-782a4f574dcc,afdc2f74-eb52-41ae-b72a-30e5a4c07013,f9afcdc1-ce5c-40dd-ae18-0afc933da5bb,sftp://sftp.l3harris.com/gsee/small_molecules/fcidump.be_cc-pVQZ.f9afcdc1-ce5c-40dd-ae18-0afc933da5bb.gz,55,86400,1.0,-14.618950731321249,,True,False,True,5424093.566248001,True,1766,3,290167982192,True,False
DF_QPE,5dad4064-cd11-412f-85cb-d722afe3b3de,aa6f643d-fc5e-4dd5-bc8d-8f31727c1644,be_0,19cada59-64cc-466c-8809-782a4f574dcc,543e2ed4-a12d-495b-a246-1e4d905ad4a3,fdc83bd0-c9bd-47da-abee-99b743b36494,sftp://sftp.l3harris.com/gsee/small_molecules/fcidump.be_cc-pVTZ.fdc83bd0-c9bd-47da-abee-99b743b36494.gz,30,86400,1.0,-14.61842701186015,,True,False,True,228216.76813900002,True,961,3,14775813760,True,False
DF_QPE,5dad4064-cd11-412f-85cb-d722afe3b3de,57a95618-ea51-4d72-aba7-68af28f7a5ae,f2_0,e3e78b41-577d-4536-a63f-7e968eeb6493,94fc2317-29af-43a1-aaec-dade9850ca27,ac269a87-2bc4-458e-8f4a-64f524c77044,sftp://sftp.l3harris.com/gsee/small_molecules/fcidump.f2_cc-pVDZ.ac269a87-2bc4-458e-8f4a-64f524c77044.gz,28,86400,1.0,-199.0993683699105,,True,False,True,425487.769294,True,908,10,27556185832,True,False
DF_QPE,5dad4064-cd11-412f-85cb-d722afe3b3de,,f2_0,e3e78b41-577d-4536-a63f-7e968eeb6493,fa8e83f2-cec5-4609-9b77-d713608a6b53,29d645f8-ce30-4e18-9f41-644ac5f9d922,sftp://sftp.l3harris.com/gsee/small_molecules/fcidump.f2_cc-pVQZ.29d645f8-ce30-4e18-9f41-644ac5f9d922.gz,110,86400,1.0,-199.3605311277988,,False,False,False,,,,,,False,False
DF_QPE,5dad4064-cd11-412f-85cb-d722afe3b3de,57a95618-ea51-4d72-aba7-68af28f7a5ae,f2_0,e3e78b41-577d-4536-a63f-7e968eeb6493,3fb371ad-c738-40ae-b9ae-80e5bce8f2ac,3c3967d4-17c1-4947-9465-b9223b01e694,sftp://sftp.l3harris.com/gsee/small_molecules/fcidump.f2_cc-pVTZ.3c3967d4-17c1-4947-9465-b9223b01e694.gz,60,86400,1.0,-199.2976230688276,,True,False,True,30188593.464838002,True,1977,12,1615332379136,True,False
DF_QPE,5dad4064-cd11-412f-85cb-d722afe3b3de,3ada4ffb-1b9e-4707-9969-0a19746d5e4b,n2_0,9bd9cde6-6daa-441a-984e-ae1c1c051e91,b9c35349-927d-47d5-8e0c-e054bbf4e4e0,60c52c22-d27a-4544-8b9c-6022507611f9,sftp://sftp.l3harris.com/gsee/small_molecules/fcidump.n2_cc-pVDZ.60c52c22-d27a-4544-8b9c-6022507611f9.gz,28,86400,1.0,-109.27696624442844,,True,False,True,553977.5243299999,True,908,23,29639706344,True,False
DF_QPE,5dad4064-cd11-412f-85cb-d722afe3b3de,,n2_0,9bd9cde6-6daa-441a-984e-ae1c1c051e91,9eed79e4-b195-4474-b280-fe9166a7a241,e84ef191-bfe0-4859-96b9-0613cad743d4,sftp://sftp.l3harris.com/gsee/small_molecules/fcidump.n2_cc-pVQZ.e84ef191-bfe0-4859-96b9-0613cad743d4.gz,110,86400,1.0,-109.40582662890183,,False,False,False,,,,,,False,False
DF_QPE,5dad4064-cd11-412f-85cb-d722afe3b3de,3ada4ffb-1b9e-4707-9969-0a19746d5e4b,n2_0,9bd9cde6-6daa-441a-984e-ae1c1c051e91,666185aa-b65d-4f73-8846-ae9693388d9d,48512c28-04a3-4e3b-b6b2-3e4b654c1887,sftp://sftp.l3harris.com/gsee/small_molecules/fcidump.n2_cc-pVTZ.48512c28-04a3-4e3b-b6b2-3e4b654c1887.gz,60,86400,1.0,-109.37529859279891,,True,False,True,28140758.199668,True,1977,23,1505760381440,True,False
DF_QPE,5dad4064-cd11-412f-85cb-d722afe3b3de,86e92dd3-2fbf-4518-9c1a-f5341fc6d4fa,fe_red,a8895776-3583-4884-fbc7-d6f9df21a7ac,4970c526-817f-4c04-8d7e-797526d5948d,79e71b3e-6364-4972-b4b3-07841fa8ba97,sftp://sftp.l3harris.com/gsee/fcidump.50_6acme_0.2_old.79e71b3e-6364-4972-b4b3-07841fa8ba97.gz,45,172800,1.0,-2592.687414514583,2124-03-20T20:48:21.795324+00:00,True,False,True,1201318.788371,True,1376,4,77736642432,True,False
DF_QPE,5dad4064-cd11-412f-85cb-d722afe3b3de,86e92dd3-2fbf-4518-9c1a-f5341fc6d4fa,fe_red,a8895776-3583-4884-fbc7-d6f9df21a7ac,d27fb590-4e90-4d5a-bdb8-37fbf22f528b,e8f72c80-2fde-4bdc-ac1e-07220942f1c2,sftp://sftp.l3harris.com/gsee/fcidump.51_6acme_0.2_old.e8f72c80-2fde-4bdc-ac1e-07220942f1c2.gz,53,172800,1.0,-2592.816535546089,2124-03-20T20:48:21.795324+00:00,True,False,True,4467744.565296,True,1648,4,238949632128,True,False
DF_QPE,5dad4064-cd11-412f-85cb-d722afe3b3de,86e92dd3-2fbf-4518-9c1a-f5341fc6d4fa,fe_red,a8895776-3583-4884-fbc7-d6f9df21a7ac,a7cd2501-2f67-4fcd-b428-f6620f3596fe,4854c3ff-b3ce-462b-ab8e-0b132cd880d0,sftp://sftp.l3harris.com/gsee/fcidump.52_6acme_0.2_old.4854c3ff-b3ce-462b-ab8e-0b132cd880d0.gz,58,172800,1.0,-2592.878328984242,2124-03-20T20:48:21.795324+00:00,True,False,True,5771501.059412,True,1791,5,308661586048,True,False
DF_QPE,5dad4064-cd11-412f-85cb-d722afe3b3de,86e92dd3-2fbf-4518-9c1a-f5341fc6d4fa,fe_red,a8895776-3583-4884-fbc7-d6f9df21a7ac,d3bcc63c-57ad-4346-8290-e36447186440,379a0693-4ac3-4ff0-be33-7be3f6cad84f,sftp://sftp.l3harris.com/gsee/fcidump.53_ts56_0.2_old.379a0693-4ac3-4ff0-be33-7be3f6cad84f.gz,44,172800,1.0,-2592.707486407847,2124-03-20T20:48:21.795324+00:00,True,False,True,1146812.037038,True,1349,4,74223126400,True,False
DF_QPE,5dad4064-cd11-412f-85cb-d722afe3b3de,86e92dd3-2fbf-4518-9c1a-f5341fc6d4fa,fe_red,a8895776-3583-4884-fbc7-d6f9df21a7ac,41907f9f-923d-49e3-80a9-519962110ae7,22ab7092-61bb-401f-ac43-912ec10ea48b,sftp://sftp.l3harris.com/gsee/fcidump.54_ts56_0.2_old.22ab7092-61bb-401f-ac43-912ec10ea48b.gz,54,172800,1.0,-2592.825891046245,2124-03-20T20:48:21.795324+00:00,True,False,True,4780290.06191,True,1681,5,255679137920,True,False
DF_QPE,5dad4064-cd11-412f-85cb-d722afe3b3de,86e92dd3-2fbf-4518-9c1a-f5341fc6d4fa,fe_red,a8895776-3583-4884-fbc7-d6f9df21a7ac,ad9ceeaf-d7be-46b7-95a9-15bfd33f5022,8a8780b0-a0ba-4b7e-9847-589302123e86,sftp://sftp.l3harris.com/gsee/fcidump.55_ts56_0.2_old.8a8780b0-a0ba-4b7e-9847-589302123e86.gz,55,172800,1.0,-2592.848378223888,2124-03-20T20:48:21.795324+00:00,True,False,True,4973156.929068,True,1707,5,266003941504,True,False
DF_QPE,5dad4064-cd11-412f-85cb-d722afe3b3de,86e92dd3-2fbf-4518-9c1a-f5341fc6d4fa,fe_red,a8895776-3583-4884-fbc7-d6f9df21a7ac,adecdd92-73c7-416d-90da-b7a3da7ed50b,e6671ea9-f0cf-413c-97cb-c8ab6eda9d5e,sftp://sftp.l3harris.com/gsee/fcidump.56_5_0.2_old.e6671ea9-f0cf-413c-97cb-c8ab6eda9d5e.gz,44,172800,1.0,-2592.788336147052,2124-03-20T20:48:21.795324+00:00,True,False,True,1140999.315804,True,1349,5,73853503360,True,False
DF_QPE,5dad4064-cd11-412f-85cb-d722afe3b3de,86e92dd3-2fbf-4518-9c1a-f5341fc6d4fa,fe_red,a8895776-3583-4884-fbc7-d6f9df21a7ac,03c70feb-49b8-4113-831a-05e3ae55c66b,eb34bf5e-ecd6-4c2a-9eb6-d9bcb507e047,sftp://sftp.l3harris.com/gsee/fcidump.57_5_0.2_old.eb34bf5e-ecd6-4c2a-9eb6-d9bcb507e047.gz,54,172800,1.0,,2124-03-20T20:48:21.795324+00:00,True,False,True,4784576.560254,True,1679,5,255916116096,True,False
DF_QPE,5dad4064-cd11-412f-85cb-d722afe3b3de,86e92dd3-2fbf-4518-9c1a-f5341fc6d4fa,fe_red,a8895776-3583-4884-fbc7-d6f9df21a7ac,0e936335-6370-4587-92f0-02eafaf650ed,5f3178b5-0ad3-469a-ae08-e9ecdc637ed3,sftp://sftp.l3harris.com/gsee/fcidump.58_5_0.2_old.5f3178b5-0ad3-469a-ae08-e9ecdc637ed3.gz,55,172800,1.0,-2592.911124291167,2124-03-20T20:48:21.795324+00:00,True,False,True,4958855.849698,True,1707,5,265221703808,True,False
DF_QPE,5dad4064-cd11-412f-85cb-d722afe3b3de,62ae727d-7fe3-40ec-a6e3-b9b82ea4d843,Fe_1,33c9a058-7a67-454c-856c-2519ba55b44d,a7e26b10-bd6b-457c-978e-9050f6529007,b57e3b82-2511-4c00-a850-f6aeba98b0b2,sftp://sftp.l3harris.com/gsee/small_molecules/fcidump.Fe1_vdz.b57e3b82-2511-4c00-a850-f6aeba98b0b2.gz,54,86400,1.0,-123.23354,,True,False,True,6590457.315506,True,1735,3,352593905776,True,False
DF_QPE,5dad4064-cd11-412f-85cb-d722afe3b3de,,Fe_1,33c9a058-7a67-454c-856c-2519ba55b44d,6ab8d16c-b8f3-4780-b278-dad81646ca8c,b9615d62-11ee-49f7-8df4-df94466b2211,sftp://sftp.l3harris.com/gsee/small_molecules/fcidump.Fe1_vtz.b9615d62-11ee-49f7-8df4-df94466b2211.gz,88,86400,1.0,-123.36857,,False,False,False,,,,,,False,False
DF_QPE,5dad4064-cd11-412f-85cb-d722afe3b3de,,ScO_0,7437abf0-1394-47ce-9218-d181f1732112,9fa4fc3a-b0b9-4eaa-99ee-0469ae5a511d,987498ce-5b91-4df6-924c-82d4841c17c2,sftp://sftp.l3harris.com/gsee/small_molecules/fcidump.ScO_vdz.987498ce-5b91-4df6-924c-82d4841c17c2.gz,76,86400,1.0,-62.42004,,False,False,False,,,,,,False,False
DF_QPE,5dad4064-cd11-412f-85cb-d722afe3b3de,50ec45c6-06bf-42db-89f1-6bd061007f18,planted_solution_0003,a37c86c0-1937-4f05-83ab-08a5fd104b7e,472bbfb1-c081-4df6-b966-32ce1194ab8c,efddd28a-383d-4929-9335-22e54ba2ffbe,sftp://sftp.l3harris.com/gsee/planted_solutions/fcidump.planted_solution_0003.efddd28a-383d-4929-9335-22e54ba2ffbe.gz,31,86400,1.0,-581.5899149621558,,True,False,True,309084.580804,True,1052,3,20010239536,True,False
DF_QPE,5dad4064-cd11-412f-85cb-d722afe3b3de,336b4675-1297-41a5-8e0c-d1cb0ede1f48,h_c_n_0,8846a90e-96cb-4bc3-ad06-5388212f728e,94db0c2c-89f6-4c3d-b886-a3a6a2bdad1d,8ab023ed-7cdf-49e6-87d9-369a13f2ac82,sftp://sftp.l3harris.com/gsee/small_molecules/fcidump.h_c_n_cc-pVDZ.8ab023ed-7cdf-49e6-87d9-369a13f2ac82.gz,33,86400,1.0,-93.18988417813952,,True,False,True,1489844.58268,True,1050,55,79714060256,True,False
DF_QPE,5dad4064-cd11-412f-85cb-d722afe3b3de,,h_c_n_0,8846a90e-96cb-4bc3-ad06-5388212f728e,c5ef4702-fc8d-4168-b594-8d5872fdb523,6fdfd37c-a5dc-4481-b08e-87dcfec8a4de,sftp://sftp.l3harris.com/gsee/small_molecules/fcidump.h_c_n_cc-pVTZ.6fdfd37c-a5dc-4481-b08e-87dcfec8a4de.gz,74,86400,1.0,-93.27651066009084,,False,False,False,,,,,,False,False
DF_QPE,5dad4064-cd11-412f-85cb-d722afe3b3de,90399f94-5920-464a-b34a-62521ad1236d,si_h4_0,13c7144d-047e-4431-8d02-0b1d14c0526b,2eaee11d-c1a0-4d2b-b29b-a38e658572f2,c37edb04-5163-4d5c-a54e-df5887f0d82e,sftp://sftp.l3harris.com/gsee/small_molecules/fcidump.si_h4_cc-pVDZ.c37edb04-5163-4d5c-a54e-df5887f0d82e.gz,38,86400,1.0,-291.39318323307475,,True,False,True,1561722.623034,True,1187,15,83544639480,True,False
DF_QPE,5dad4064-cd11-412f-85cb-d722afe3b3de,,si_h4_0,13c7144d-047e-4431-8d02-0b1d14c0526b,6ca72d49-425b-43f3-96e7-4067bacd0596,e709c0b6-d851-47d2-b72a-f4da8479a772,sftp://sftp.l3harris.com/gsee/small_molecules/fcidump.si_h4_cc-pVTZ.e709c0b6-d851-47d2-b72a-f4da8479a772.gz,90,86400,1.0,-291.4381516390395,,False,False,False,,,,,,False,False
DF_QPE,5dad4064-cd11-412f-85cb-d722afe3b3de,feac63ca-a1c5-41ed-81bf-dcede96535c7,planted_solution_0009,8db449b1-265b-4a66-b965-a2b4833a88d1,8f373cb0-952d-48c6-a871-8a10e52e7c19,bbbbba1c-868c-45a5-b16c-0c17536e83d8,sftp://sftp.l3harris.com/gsee/planted_solutions/fcidump.planted_solution_0009.bbbbba1c-868c-45a5-b16c-0c17536e83d8.gz,69,86400,1.0,-1226.2946878335736,,True,False,True,13464767.411821002,True,2320,4,720211806592,True,False
DF_QPE,5dad4064-cd11-412f-85cb-d722afe3b3de,8299c905-1f3b-410c-866d-13f62364bec0,Mn_1,11c8be98-d9c9-40ea-8d88-ea8c555028f6,9d82f7d4-165d-4499-8add-361a770d1d44,51fac1c9-e29a-4033-b3d3-9cc37f64b4d4,sftp://sftp.l3harris.com/gsee/small_molecules/fcidump.Mn1_vdz.51fac1c9-e29a-4033-b3d3-9cc37f64b4d4.gz,54,86400,1.0,-103.67336,,True,False,True,2294914.4216299998,True,1734,3,148560021496,True,False
DF_QPE,5dad4064-cd11-412f-85cb-d722afe3b3de,,Mn_1,11c8be98-d9c9-40ea-8d88-ea8c555028f6,29eecba9-3d4d-4672-8b19-475f53b2f1be,00c757c4-3c99-4521-82b1-3e3a12d49854,sftp://sftp.l3harris.com/gsee/small_molecules/fcidump.Mn1_vtz.00c757c4-3c99-4521-82b1-3e3a12d49854.gz,88,86400,1.0,-103.79214,,False,False,False,,,,,,False,False
DF_QPE,5dad4064-cd11-412f-85cb-d722afe3b3de,2994f67f-2a1e-4071-8825-3d2989d7c60b,c_h3_cl_0,379781b8-5732-492e-9fca-6fad3fc3692a,0667179a-19eb-44b9-a544-dae8793fdc3f,80298b55-8915-462f-8f20-e4332c94ed41,sftp://sftp.l3harris.com/gsee/small_molecules/fcidump.c_h3_cl_cc-pVDZ.80298b55-8915-462f-8f20-e4332c94ed41.gz,47,86400,1.0,-499.44058655513015,,True,False,True,5130400.413083,True,1483,17,274471848048,True,False
DF_QPE,5dad4064-cd11-412f-85cb-d722afe3b3de,,c_h3_cl_0,379781b8-5732-492e-9fca-6fad3fc3692a,ae315bef-f3c6-4c84-93c5-0d8ab510ece3,a53ae008-4ad2-4736-9a57-cfc011e3aace,sftp://sftp.l3harris.com/gsee/small_molecules/fcidump.c_h3_cl_cc-pVTZ.a53ae008-4ad2-4736-9a57-cfc011e3aace.gz,106,86400,1.0,-499.56723973244254,,False,False,False,,,,,,False,False
DF_QPE,5dad4064-cd11-412f-85cb-d722afe3b3de,,p2_0,2e61ba35-b6b0-42b5-b3e8-d25bd83145ba,084acde0-d1c7-4721-aa45-acb4832e0998,7702bafa-2620-4d12-8ec6-e8c6246d385a,sftp://sftp.l3harris.com/gsee/small_molecules/fcidump.p2_cc-pVDZ.7702bafa-2620-4d12-8ec6-e8c6246d385a.gz,36,86400,1.0,-681.726295822357,,False,False,False,,,,,,False,False
DF_QPE,5dad4064-cd11-412f-85cb-d722afe3b3de,,p2_0,2e61ba35-b6b0-42b5-b3e8-d25bd83145ba,e61df0de-0a97-4204-9fb9-3995c30d7999,334dbd9d-2c13-4c76-8479-e82280065a02,sftp://sftp.l3harris.com/gsee/small_molecules/fcidump.p2_cc-pVQZ.334dbd9d-2c13-4c76-8479-e82280065a02.gz,118,86400,1.0,-681.8350232850137,,False,False,False,,,,,,False,False
DF_QPE,5dad4064-cd11-412f-85cb-d722afe3b3de,,p2_0,2e61ba35-b6b0-42b5-b3e8-d25bd83145ba,23a06c81-be81-4f88-98ab-9e7030c909ef,1ffb78a3-162a-43a4-a64c-d1d8fb0bce24,sftp://sftp.l3harris.com/gsee/small_molecules/fcidump.p2_cc-pVTZ.1ffb78a3-162a-43a4-a64c-d1d8fb0bce24.gz,68,86400,1.0,-681.8099472542586,,False,False,False,,,,,,False,False
DF_QPE,5dad4064-cd11-412f-85cb-d722afe3b3de,,si_o_0,68f1a091-8652-4095-ba31-56f0e02e27d3,88a6b9fd-e159-4059-9ee5-ba718fd624dc,ab244b36-ab52-4cce-b50a-2b04d8c548e7,sftp://sftp.l3harris.com/gsee/small_molecules/fcidump.si_o_cc-pVDZ.ab244b36-ab52-4cce-b50a-2b04d8c548e7.gz,32,86400,1.0,-364.0821787432279,,False,False,False,,,,,,False,False
DF_QPE,5dad4064-cd11-412f-85cb-d722afe3b3de,,si_o_0,68f1a091-8652-4095-ba31-56f0e02e27d3,cca08104-f5f6-407f-9c62-faadc8f29bec,80214e7b-2e1f-440f-b9eb-ee9a16ed8398,sftp://sftp.l3harris.com/gsee/small_molecules/fcidump.si_o_cc-pVQZ.80214e7b-2e1f-440f-b9eb-ee9a16ed8398.gz,114,86400,1.0,-364.23054008377295,,False,False,False,,,,,,False,False
DF_QPE,5dad4064-cd11-412f-85cb-d722afe3b3de,,si_o_0,68f1a091-8652-4095-ba31-56f0e02e27d3,8aa559b0-3aae-4850-a2d7-14e037ce26c0,1b1a93a4-a3cd-424f-87a2-c5a7ae5dbaf7,sftp://sftp.l3harris.com/gsee/small_molecules/fcidump.si_o_cc-pVTZ.1b1a93a4-a3cd-424f-87a2-c5a7ae5dbaf7.gz,64,86400,1.0,-364.19634823924537,,False,False,False,,,,,,False,False
DF_QPE,5dad4064-cd11-412f-85cb-d722afe3b3de,,h2_o_0,9b8083ab-ea59-47db-894c-95a0d2ba3cb6,80d75334-b878-41ec-99a8-b21277f3df60,96954db2-ef3e-47fd-82f8-2ac3cbfd6c17,sftp://sftp.l3harris.com/gsee/small_molecules/fcidump.h2_o_cc-pVDZ.96954db2-ef3e-47fd-82f8-2ac3cbfd6c17.gz,24,86400,1.0,-76.24166946152931,,False,False,False,,,,,,False,False
DF_QPE,5dad4064-cd11-412f-85cb-d722afe3b3de,,h2_o_0,9b8083ab-ea59-47db-894c-95a0d2ba3cb6,5e576716-0df8-4712-8f03-ea1ac3808e35,26e93a92-0fb0-43bf-9c8d-6b97eb974d27,sftp://sftp.l3harris.com/gsee/small_molecules/fcidump.h2_o_cc-pVQZ.26e93a92-0fb0-43bf-9c8d-6b97eb974d27.gz,115,86400,1.0,-76.36018684173865,,False,False,False,,,,,,False,False
DF_QPE,5dad4064-cd11-412f-85cb-d722afe3b3de,,h2_o_0,9b8083ab-ea59-47db-894c-95a0d2ba3cb6,4e395cc5-b5d2-4b82-95a2-1276262386c8,dd869557-00f9-421f-ab39-faa9d8e05df2,sftp://sftp.l3harris.com/gsee/small_molecules/fcidump.h2_o_cc-pVTZ.dd869557-00f9-421f-ab39-faa9d8e05df2.gz,58,86400,1.0,-76.33261029487801,,False,False,False,,,,,,False,False
DF_QPE,5dad4064-cd11-412f-85cb-d722afe3b3de,,h_o_cl_0,ea2e13c5-6d80-466e-bd6b-6289e10ed82b,bd44e482-057d-42c3-a052-cbd952fa8025,95dec49b-7d4e-4889-9e31-97e21db7b329,sftp://sftp.l3harris.com/gsee/small_molecules/fcidump.h_o_cl_cc-pVDZ.95dec49b-7d4e-4889-9e31-97e21db7b329.gz,37,86400,1.0,-535.2295951475559,,False,False,False,,,,,,False,False
DF_QPE,5dad4064-cd11-412f-85cb-d722afe3b3de,,h_o_cl_0,ea2e13c5-6d80-466e-bd6b-6289e10ed82b,fea4b4a2-64a1-45c3-a760-83aec702bdca,e8ed1ee4-2780-4978-8d21-d1a23a30ae8d,sftp://sftp.l3harris.com/gsee/small_molecules/fcidump.h_o_cl_cc-pVTZ.e8ed1ee4-2780-4978-8d21-d1a23a30ae8d.gz,78,86400,1.0,-535.3960453601376,,False,False,False,,,,,,False,False
DF_QPE,5dad4064-cd11-412f-85cb-d722afe3b3de,,c2_h6_0,b1c5ac4e-9b94-4e89-9557-da2026933172,15a25e30-cba9-4f63-80a6-ef95a8c79d41,da21513f-c490-45e2-8ce9-1c7a511ca925,sftp://sftp.l3harris.com/gsee/small_molecules/fcidump.c2_h6_cc-pVDZ.da21513f-c490-45e2-8ce9-1c7a511ca925.gz,58,86400,1.0,-79.58310216069334,,False,False,False,,,,,,False,False
DF_QPE,5dad4064-cd11-412f-85cb-d722afe3b3de,,planted_solution_0001,3d3b9e8a-7842-4ca1-bd82-eddb9804972d,be3812d3-5975-4736-8a23-96d64e50e66a,3add17d8-cb86-4ae5-8474-96d272269d80,sftp://sftp.l3harris.com/gsee/planted_solutions/fcidump.planted_solution_0001.3add17d8-cb86-4ae5-8474-96d272269d80.gz,14,86400,1.0,-123.43821697553813,,False,False,False,,,,,,False,False
DF_QPE,5dad4064-cd11-412f-85cb-d722afe3b3de,,c_h4_0,e0f6ed02-6502-454b-bf2c-e7994e0510f4,443371ce-c80d-450d-b281-ac1c4d5ecc4d,a7321b5d-4730-4ace-9ff8-734ec07f3fef,sftp://sftp.l3harris.com/gsee/small_molecules/fcidump.c_h4_cc-pVDZ.a7321b5d-4730-4ace-9ff8-734ec07f3fef.gz,34,86400,1.0,-40.38737419508231,,False,False,False,,,,,,False,False
DF_QPE,5dad4064-cd11-412f-85cb-d722afe3b3de,,c_h4_0,e0f6ed02-6502-454b-bf2c-e7994e0510f4,f936469c-1d1e-4295-a006-84a778c1714c,47a5eadf-e31e-4c38-983f-8c75460463ea,sftp://sftp.l3harris.com/gsee/small_molecules/fcidump.c_h4_cc-pVTZ.47a5eadf-e31e-4c38-983f-8c75460463ea.gz,86,86400,1.0,-40.43861773402711,,False,False,False,,,,,,False,False
DF_QPE,5dad4064-cd11-412f-85cb-d722afe3b3de,,V_1,18e1973e-d6cf-48d6-9ca4-c1af21ff7c98,6d0f8edd-507f-43d5-9960-9ad49532ee42,cf7aa422-2b82-4d7c-a031-8923e1fc8a41,sftp://sftp.l3harris.com/gsee/small_molecules/fcidump.V1_vdz.cf7aa422-2b82-4d7c-a031-8923e1fc8a41.gz,54,86400,1.0,-70.8284,,False,False,False,,,,,,False,False
DF_QPE,5dad4064-cd11-412f-85cb-d722afe3b3de,,V_1,18e1973e-d6cf-48d6-9ca4-c1af21ff7c98,106deaf8-422f-4e06-bf25-6191abd6eecf,1ddf0c08-d7f1-48b7-8c85-c7e50997c771,sftp://sftp.l3harris.com/gsee/small_molecules/fcidump.V1_vtz.1ddf0c08-d7f1-48b7-8c85-c7e50997c771.gz,88,86400,1.0,-70.91955,,False,False,False,,,,,,False,False
DF_QPE,5dad4064-cd11-412f-85cb-d722afe3b3de,,planted_solution_0007,3aaf0bb4-b412-4746-922a-c380b4024d00,d3c058ec-9b13-4a9a-aba0-d3f19091c47b,c594d63e-29c7-462a-b385-f70c6d7d8350,sftp://sftp.l3harris.com/gsee/planted_solutions/fcidump.planted_solution_0007.c594d63e-29c7-462a-b385-f70c6d7d8350.gz,31,86400,1.0,-582.1588851222295,,False,False,False,,,,,,False,False
DF_QPE,5dad4064-cd11-412f-85cb-d722afe3b3de,,Ti_0,c1e4c7dd-2dc4-4dd0-889d-fb34f602965a,ab61c91a-68ea-401f-a3ad-392e83ee802e,cdae3a0c-d613-4375-ab65-7088244b54ef,sftp://sftp.l3harris.com/gsee/small_molecules/fcidump.Ti0_vdz.cdae3a0c-d613-4375-ab65-7088244b54ef.gz,54,86400,1.0,-57.88305,,False,False,False,,,,,,False,False
DF_QPE,5dad4064-cd11-412f-85cb-d722afe3b3de,,Ti_0,c1e4c7dd-2dc4-4dd0-889d-fb34f602965a,0c023ffe-8453-4f5f-b29e-7863589fb191,7766bf7c-05db-4294-b125-6f0110aa9407,sftp://sftp.l3harris.com/gsee/small_molecules/fcidump.Ti0_vtz.7766bf7c-05db-4294-b125-6f0110aa9407.gz,88,86400,1.0,-57.95463,,False,False,False,,,,,,False,False
DF_QPE,5dad4064-cd11-412f-85cb-d722afe3b3de,,CrO_0,2140edd4-8eb3-4270-b753-278334998e3d,e0101b06-dfd6-4caa-8580-a9815b225204,b9a18106-c719-4d0c-af12-30ded772eb55,sftp://sftp.l3harris.com/gsee/small_molecules/fcidump.CrO_vdz.b9a18106-c719-4d0c-af12-30ded772eb55.gz,76,86400,1.0,-102.55837,,False,False,False,,,,,,False,False
DF_QPE,5dad4064-cd11-412f-85cb-d722afe3b3de,,planted_solution_0002,00043d56-ed63-4266-907c-99c95c51b9db,0deae366-42de-4081-914d-db85c6b47168,16f9288f-be7e-4f8a-ab09-0153263f83c7,sftp://sftp.l3harris.com/gsee/planted_solutions/fcidump.planted_solution_0002.16f9288f-be7e-4f8a-ab09-0153263f83c7.gz,69,86400,1.0,-1256.692028979273,,False,False,False,,,,,,False,False
DF_QPE,5dad4064-cd11-412f-85cb-d722afe3b3de,,h3_c_o_h_0,5524b5e5-adba-4322-9808-69e75e4335b2,fc3586af-0290-4a4a-81e1-422a1d331a09,26a32758-4c43-4add-a12e-7273b2ddfd0e,sftp://sftp.l3harris.com/gsee/small_molecules/fcidump.h3_c_o_h_cc-pVDZ.26a32758-4c43-4add-a12e-7273b2ddfd0e.gz,48,86400,1.0,-115.4210293277143,,False,False,False,,,,,,False,False
DF_QPE,5dad4064-cd11-412f-85cb-d722afe3b3de,,h3_c_o_h_0,5524b5e5-adba-4322-9808-69e75e4335b2,7ecc9a42-2b18-4179-81ec-583598fa579b,5f3af6fb-63d1-41cf-9e52-ea4fffcca51c,sftp://sftp.l3harris.com/gsee/small_molecules/fcidump.h3_c_o_h_cc-pVTZ.5f3af6fb-63d1-41cf-9e52-ea4fffcca51c.gz,116,86400,1.0,-115.551639498993,,False,False,False,,,,,,False,False
DF_QPE,5dad4064-cd11-412f-85cb-d722afe3b3de,,Cr_0,b8fe08a4-82fe-4636-9812-b1e0666f95b5,5d85532e-9116-48a1-9810-7925c9ed9c57,be2e7f6c-ccba-45ce-a42b-bd1d828b2d18,sftp://sftp.l3harris.com/gsee/small_molecules/fcidump.Cr0_vdz.be2e7f6c-ccba-45ce-a42b-bd1d828b2d18.gz,54,86400,1.0,-86.61203,,False,False,False,,,,,,False,False
DF_QPE,5dad4064-cd11-412f-85cb-d722afe3b3de,,Cr_0,b8fe08a4-82fe-4636-9812-b1e0666f95b5,35b59fd4-e046-4d69-ba52-4b94a7777ac3,dd44b59c-f6b3-4f9a-acfe-34eaf6de3411,sftp://sftp.l3harris.com/gsee/small_molecules/fcidump.Cr0_vtz.dd44b59c-f6b3-4f9a-acfe-34eaf6de3411.gz,88,86400,1.0,-86.72091999999998,,False,False,False,,,,,,False,False
DF_QPE,5dad4064-cd11-412f-85cb-d722afe3b3de,,h2_o2_0,cc7044d7-28e0-4fe2-bd6b-c9c758da4776,85743547-31ba-48ff-b854-220e4b9b620f,459b2739-8810-4cd9-82c4-4285c36a0193,sftp://sftp.l3harris.com/gsee/small_molecules/fcidump.h2_o2_cc-pVDZ.459b2739-8810-4cd9-82c4-4285c36a0193.gz,38,86400,1.0,-151.195410841039,,False,False,False,,,,,,False,False
DF_QPE,5dad4064-cd11-412f-85cb-d722afe3b3de,,h2_o2_0,cc7044d7-28e0-4fe2-bd6b-c9c758da4776,ae328238-7f54-43e2-bf9a-01c60563e578,1a0cce83-5b61-4c4e-a5d4-8825a9b89f65,sftp://sftp.l3harris.com/gsee/small_molecules/fcidump.h2_o2_cc-pVTZ.1a0cce83-5b61-4c4e-a5d4-8825a9b89f65.gz,88,86400,1.0,-151.35987577588998,,False,False,False,,,,,,False,False
DF_QPE,5dad4064-cd11-412f-85cb-d722afe3b3de,,c_o_0,1c3155e0-3679-4eff-bed0-57a1082672c3,02588640-a5ae-48e6-b28b-f6759886ab70,5de3dbbd-1d79-45c9-ac75-4140ae123baa,sftp://sftp.l3harris.com/gsee/small_molecules/fcidump.c_o_cc-pVDZ.5de3dbbd-1d79-45c9-ac75-4140ae123baa.gz,28,86400,1.0,-113.0563804803896,,False,False,False,,,,,,False,False
DF_QPE,5dad4064-cd11-412f-85cb-d722afe3b3de,,c_o_0,1c3155e0-3679-4eff-bed0-57a1082672c3,7ea61c79-c0e5-453b-8fd0-b176cb8821a7,0c547725-1536-47b8-98f9-ed1384ceb939,sftp://sftp.l3harris.com/gsee/small_molecules/fcidump.c_o_cc-pVQZ.0c547725-1536-47b8-98f9-ed1384ceb939.gz,110,86400,1.0,-113.18898087097106,,False,False,False,,,,,,False,False
DF_QPE,5dad4064-cd11-412f-85cb-d722afe3b3de,,c_o_0,1c3155e0-3679-4eff-bed0-57a1082672c3,a92f6594-5ccc-4385-9cb5-8c21b4407dcf,2b749f51-9ea9-41c4-9f67-e9c8334478c4,sftp://sftp.l3harris.com/gsee/small_molecules/fcidump.c_o_cc-pVTZ.2b749f51-9ea9-41c4-9f67-e9c8334478c4.gz,60,86400,1.0,-113.15675779212764,,False,False,False,,,,,,False,False
DF_QPE,5dad4064-cd11-412f-85cb-d722afe3b3de,,Sc_1,c6ab4ddb-efe8-46d6-9fc4-90901c08d9a7,ca6f7678-0952-4fe4-83fe-c4455a682132,75228927-fac3-4caf-9e09-1fdfe51098a3,sftp://sftp.l3harris.com/gsee/small_molecules/fcidump.Sc1_vdz.75228927-fac3-4caf-9e09-1fdfe51098a3.gz,54,86400,1.0,-46.15683,,False,False,False,,,,,,False,False
DF_QPE,5dad4064-cd11-412f-85cb-d722afe3b3de,,Sc_1,c6ab4ddb-efe8-46d6-9fc4-90901c08d9a7,10119019-eea2-45c9-a748-e206780c4235,cfc29172-5c9c-4e13-9a31-17895ed89c95,sftp://sftp.l3harris.com/gsee/small_molecules/fcidump.Sc1_vqz.cfc29172-5c9c-4e13-9a31-17895ed89c95.gz,135,86400,1.0,-46.23311,,False,False,False,,,,,,False,False
DF_QPE,5dad4064-cd11-412f-85cb-d722afe3b3de,,Sc_1,c6ab4ddb-efe8-46d6-9fc4-90901c08d9a7,78d5e5ba-0b2c-4cfe-92c5-f1c749150015,adfdddd9-6ebe-4661-8bd8-c8810f117a6a,sftp://sftp.l3harris.com/gsee/small_molecules/fcidump.Sc1_vtz.adfdddd9-6ebe-4661-8bd8-c8810f117a6a.gz,88,86400,1.0,-46.21149000000001,,False,False,False,,,,,,False,False
DF_QPE,5dad4064-cd11-412f-85cb-d722afe3b3de,,si_h2_singlet_0,a0a07bfe-aac2-4d61-9425-009953899b3b,240f7830-f4e1-4301-b0af-ab8936851796,7fdb7bf4-2eed-4b4f-bf6f-767c7518367d,sftp://sftp.l3harris.com/gsee/small_molecules/fcidump.si_h2_singlet_cc-pVDZ.7fdb7bf4-2eed-4b4f-bf6f-767c7518367d.gz,28,86400,1.0,-290.13802160762725,,False,False,False,,,,,,False,False
DF_QPE,5dad4064-cd11-412f-85cb-d722afe3b3de,,si_h2_singlet_0,a0a07bfe-aac2-4d61-9425-009953899b3b,50de76ad-110a-4c09-836a-64cc60c87f9a,5b274001-6cd6-436f-995f-d460d33688da,sftp://sftp.l3harris.com/gsee/small_molecules/fcidump.si_h2_singlet_cc-pVQZ.5b274001-6cd6-436f-995f-d460d33688da.gz,119,86400,1.0,-290.1809752643235,,False,False,False,,,,,,False,False
DF_QPE,5dad4064-cd11-412f-85cb-d722afe3b3de,,si_h2_singlet_0,a0a07bfe-aac2-4d61-9425-009953899b3b,5e1dcd34-1373-4f34-b9df-d738a8cf4db6,0534fd24-c760-462e-b288-c3ea9fe721c8,sftp://sftp.l3harris.com/gsee/small_molecules/fcidump.si_h2_singlet_cc-pVTZ.0534fd24-c760-462e-b288-c3ea9fe721c8.gz,62,86400,1.0,-290.17164194607653,,False,False,False,,,,,,False,False
DF_QPE,5dad4064-cd11-412f-85cb-d722afe3b3de,,c_s_0,f90280cc-c860-4ff1-a9ec-4841cec989f7,886855d3-f1a7-4004-a736-417360e81d0a,1c5f7390-3d26-4730-addd-b0fbd7591169,sftp://sftp.l3harris.com/gsee/small_molecules/fcidump.c_s_cc-pVDZ.1c5f7390-3d26-4730-addd-b0fbd7591169.gz,32,86400,1.0,-435.60612732141794,,False,False,False,,,,,,False,False
DF_QPE,5dad4064-cd11-412f-85cb-d722afe3b3de,,c_s_0,f90280cc-c860-4ff1-a9ec-4841cec989f7,57830810-1133-4c19-9a19-30183dd86a9f,f895f408-4aa7-47e2-a903-c26b963b399e,sftp://sftp.l3harris.com/gsee/small_molecules/fcidump.c_s_cc-pVTZ.f895f408-4aa7-47e2-a903-c26b963b399e.gz,64,86400,1.0,-435.6948221545708,,False,False,False,,,,,,False,False
DF_QPE,5dad4064-cd11-412f-85cb-d722afe3b3de,,h3_c_s_h_0,674b572a-3d6d-4418-8cc2-4755d90367ee,ff159145-fd97-486b-bf16-fc766b362ea3,65a71ea2-097e-472c-b96a-13ddf6a0962c,sftp://sftp.l3harris.com/gsee/small_molecules/fcidump.h3_c_s_h_cc-pVDZ.65a71ea2-097e-472c-b96a-13ddf6a0962c.gz,52,86400,1.0,-438.0556770212453,,False,False,False,,,,,,False,False
DF_QPE,5dad4064-cd11-412f-85cb-d722afe3b3de,,h_cl_0,586ce6a9-1876-459e-9b6c-be8bb1c4d1a5,fa3bc2a8-8067-4088-909a-2ddfa655ebfb,5373214f-f344-4bdb-8840-5acf3b4c07c2,sftp://sftp.l3harris.com/gsee/small_molecules/fcidump.h_cl_cc-pVDZ.5373214f-f344-4bdb-8840-5acf3b4c07c2.gz,23,86400,1.0,-460.2549892890326,,False,False,False,,,,,,False,False
DF_QPE,5dad4064-cd11-412f-85cb-d722afe3b3de,,h_cl_0,586ce6a9-1876-459e-9b6c-be8bb1c4d1a5,8f39fc4f-91dc-4f67-ab5c-00e8ffc866c4,1235d3d0-2c41-4036-909c-807ed3c89d96,sftp://sftp.l3harris.com/gsee/small_molecules/fcidump.h_cl_cc-pVQZ.1235d3d0-2c41-4036-909c-807ed3c89d96.gz,89,86400,1.0,-460.363072552048,,False,False,False,,,,,,False,False
DF_QPE,5dad4064-cd11-412f-85cb-d722afe3b3de,,h_cl_0,586ce6a9-1876-459e-9b6c-be8bb1c4d1a5,f0637f33-3c53-4f01-8cf7-cfd9c6f39a51,9ef07114-7e1a-4eba-a9ac-2c71c5fd518a,sftp://sftp.l3harris.com/gsee/small_molecules/fcidump.h_cl_cc-pVTZ.9ef07114-7e1a-4eba-a9ac-2c71c5fd518a.gz,48,86400,1.0,-460.3380209658837,,False,False,False,,,,,,False,False
DF_QPE,5dad4064-cd11-412f-85cb-d722afe3b3de,,s_o2_0,1d0b8322-24b3-407a-8246-07444bb020be,c7cd47fa-1bbd-4859-a0c8-3fd5c287c6db,42f8e26e-4707-41e4-8b0a-c099a8a4145c,sftp://sftp.l3harris.com/gsee/small_molecules/fcidump.s_o2_cc-pVDZ.42f8e26e-4707-41e4-8b0a-c099a8a4145c.gz,46,86400,1.0,-547.7175416014352,,False,False,False,,,,,,False,False
DF_QPE,5dad4064-cd11-412f-85cb-d722afe3b3de,,s_o2_0,1d0b8322-24b3-407a-8246-07444bb020be,84243fc5-4284-4393-bb1d-b73bf600eb26,189ad642-9d0f-4d5a-a1b3-1160f515ebf4,sftp://sftp.l3harris.com/gsee/small_molecules/fcidump.s_o2_cc-pVTZ.189ad642-9d0f-4d5a-a1b3-1160f515ebf4.gz,94,86400,1.0,-547.9732135046387,,False,False,False,,,,,,False,False
DF_QPE,5dad4064-cd11-412f-85cb-d722afe3b3de,,planted_solution_0004,e0adafc5-789e-43e6-8f9e-e718da28de3a,c9809448-2f3d-40d4-858d-6288a4703af4,52ddfe55-8758-448b-a6b1-3afdab85fdf4,sftp://sftp.l3harris.com/gsee/planted_solutions/fcidump.planted_solution_0004.52ddfe55-8758-448b-a6b1-3afdab85fdf4.gz,70,86400,1.0,-1216.742322122818,,False,False,False,,,,,,False,False
DF_QPE,5dad4064-cd11-412f-85cb-d722afe3b3de,,O_0,162f41da-af43-427c-a8bc-ae9fa97ace95,402d5237-16a3-4eb8-8bd4-5dcf2cb14c36,c3e26bde-f8e2-4e34-a833-9176dc6c5d58,sftp://sftp.l3harris.com/gsee/small_molecules/fcidump.O0_vdz.c3e26bde-f8e2-4e34-a833-9176dc6c5d58.gz,22,86400,1.0,-15.78125,,False,False,False,,,,,,False,False
DF_QPE,5dad4064-cd11-412f-85cb-d722afe3b3de,,O_0,162f41da-af43-427c-a8bc-ae9fa97ace95,b4e88a1e-f05f-4ff7-bd91-b24a5073c6ca,31ade416-8bd1-4671-953c-c62f281cd96d,sftp://sftp.l3harris.com/gsee/small_molecules/fcidump.O0_vqz.31ade416-8bd1-4671-953c-c62f281cd96d.gz,79,86400,1.0,-15.83909,,False,False,False,,,,,,False,False
DF_QPE,5dad4064-cd11-412f-85cb-d722afe3b3de,,O_0,162f41da-af43-427c-a8bc-ae9fa97ace95,85a3a8d6-f2c7-458c-bbc3-25fd76d9afc0,1661aaae-621a-430d-990a-bcbbbe270dfb,sftp://sftp.l3harris.com/gsee/small_molecules/fcidump.O0_vtz.1661aaae-621a-430d-990a-bcbbbe270dfb.gz,45,86400,1.0,-15.82702,,False,False,False,,,,,,False,False
DF_QPE,5dad4064-cd11-412f-85cb-d722afe3b3de,,ozone,9560107e-f1ad-4480-aa51-ef03edda6e19,881f5275-83eb-470c-80fe-eebb7ced30e9,b0c72570-cf06-4ecc-ae64-52a65720c849,sftp://sftp.l3harris.com/gsee/FCIDUMP_g_ring_b_cc-pvdz.b0c72570-cf06-4ecc-ae64-52a65720c849.gz,42,172800,1.0,,2124-10-26T22:09:15.519272,False,False,False,,,,,,False,False
DF_QPE,5dad4064-cd11-412f-85cb-d722afe3b3de,,ozone,9560107e-f1ad-4480-aa51-ef03edda6e19,e0de65ed-e45e-46e0-a57b-c6ad4efbdafe,598f7475-c056-4a46-8d20-5159c73e5d02,sftp://sftp.l3harris.com/gsee/FCIDUMP_g_ring_b_sto-3g.598f7475-c056-4a46-8d20-5159c73e5d02.gz,15,172800,1.0,-221.57897267925446,2124-10-26T22:09:15.519272,False,False,False,,,,,,False,False
DF_QPE,5dad4064-cd11-412f-85cb-d722afe3b3de,,ozone,9560107e-f1ad-4480-aa51-ef03edda6e19,6918e02b-1e04-40bf-a800-1c9ed100d261,8fc9b179-ff7d-4402-b0cf-18ec074b211a,sftp://sftp.l3harris.com/gsee/FCIDUMP_g_ring_b_cc-pvtz.8fc9b179-ff7d-4402-b0cf-18ec074b211a.gz,90,172800,1.0,,2124-10-26T22:09:15.519272,False,False,False,,,,,,False,False
DF_QPE,5dad4064-cd11-412f-85cb-d722afe3b3de,,ozone,9560107e-f1ad-4480-aa51-ef03edda6e19,a2ad41b8-37bb-44e1-be3e-df1052952e9c,1a42101c-3c00-4105-8ed3-9275bf0d18db,sftp://sftp.l3harris.com/gsee/FCIDUMP_g_bent_b_cc-pvdz.1a42101c-3c00-4105-8ed3-9275bf0d18db.gz,42,172800,1.0,,2124-10-26T22:09:15.519272,False,False,False,,,,,,False,False
DF_QPE,5dad4064-cd11-412f-85cb-d722afe3b3de,,ozone,9560107e-f1ad-4480-aa51-ef03edda6e19,b4968ccd-6711-4173-8f80-f16094b3e0cd,93698b08-3188-4961-b551-50ac2c1e62b3,sftp://sftp.l3harris.com/gsee/FCIDUMP_g_bent_b_sto-3g.93698b08-3188-4961-b551-50ac2c1e62b3.gz,15,172800,1.0,-221.55895092155683,2124-10-26T22:09:15.519272,False,False,False,,,,,,False,False
DF_QPE,5dad4064-cd11-412f-85cb-d722afe3b3de,,ozone,9560107e-f1ad-4480-aa51-ef03edda6e19,ee2925f1-a302-4c21-b33c-5cb30b10270f,8b6ad6f7-f004-4941-95b2-829eb3723c8d,sftp://sftp.l3harris.com/gsee/FCIDUMP_g_bent_b_cc-pvtz.8b6ad6f7-f004-4941-95b2-829eb3723c8d.gz,90,172800,1.0,,2124-10-26T22:09:15.519272,False,False,False,,,,,,False,False
DF_QPE,5dad4064-cd11-412f-85cb-d722afe3b3de,,c_h2_singlet_0,7ca1486c-06a5-47c1-b8ab-eab491ffc68b,5f0ac7ac-1dcc-46a6-bfa0-6e76c73a0bdd,290cfb48-dbdd-4915-bbaf-b0bc69fa070c,sftp://sftp.l3harris.com/gsee/small_molecules/fcidump.c_h2_singlet_cc-pVDZ.290cfb48-dbdd-4915-bbaf-b0bc69fa070c.gz,24,86400,1.0,-39.02289720285325,,False,False,False,,,,,,False,False
DF_QPE,5dad4064-cd11-412f-85cb-d722afe3b3de,,c_h2_singlet_0,7ca1486c-06a5-47c1-b8ab-eab491ffc68b,6a16e45d-545d-4827-9617-3c83fb323a97,7db2ffef-bfc4-4df3-b6a6-c3929e0bb978,sftp://sftp.l3harris.com/gsee/small_molecules/fcidump.c_h2_singlet_cc-pVQZ.7db2ffef-bfc4-4df3-b6a6-c3929e0bb978.gz,115,86400,1.0,-39.07293234013802,,False,False,False,,,,,,False,False
DF_QPE,5dad4064-cd11-412f-85cb-d722afe3b3de,,c_h2_singlet_0,7ca1486c-06a5-47c1-b8ab-eab491ffc68b,8fa0ddcf-9b98-4144-8250-522f38c28b02,59fca8b4-25f4-44f7-b961-34d6a4037051,sftp://sftp.l3harris.com/gsee/small_molecules/fcidump.c_h2_singlet_cc-pVTZ.59fca8b4-25f4-44f7-b961-34d6a4037051.gz,58,86400,1.0,-39.06239642266012,,False,False,False,,,,,,False,False
DF_QPE,5dad4064-cd11-412f-85cb-d722afe3b3de,,VO_0,bcc86483-2a7e-4271-b6fc-238ef5e682f6,63c089b2-1940-4301-89d6-93ecc98c07f1,c6137fbe-c5ef-4572-9e3a-3261e9acaca0,sftp://sftp.l3harris.com/gsee/small_molecules/fcidump.VO_vdz.c6137fbe-c5ef-4572-9e3a-3261e9acaca0.gz,76,86400,1.0,-87.08577,,False,False,False,,,,,,False,False
DF_QPE,5dad4064-cd11-412f-85cb-d722afe3b3de,,planted_solution_0005,7e0fb928-b0a9-4b44-89f1-7e0ee3b2bb13,a41a284c-7baa-438e-9323-532091c7a78f,0ddeaaab-a6ef-436b-8189-290afa6408ea,sftp://sftp.l3harris.com/gsee/planted_solutions/fcidump.planted_solution_0005.0ddeaaab-a6ef-436b-8189-290afa6408ea.gz,14,86400,1.0,-98.40362189128723,,False,False,False,,,,,,False,False
DF_QPE,5dad4064-cd11-412f-85cb-d722afe3b3de,,ru_mono,7213642b-5f16-48be-d5e5-2bc42ebb8526,5509795a-90ce-45d6-b03d-db956a5da5b2,cb60079d-5a30-4e3a-89d5-dbe95822df5e,sftp://sftp.l3harris.com/gsee/fcidump.32_2ru_III_3pl_noncan_0.2_new.cb60079d-5a30-4e3a-89d5-dbe95822df5e.gz,9,172800,1.0,-1722.886930507167,2124-03-20T20:48:21.795324+00:00,False,False,False,,,,,,False,False
DF_QPE,5dad4064-cd11-412f-85cb-d722afe3b3de,,ru_mono,7213642b-5f16-48be-d5e5-2bc42ebb8526,bc3520b5-bf25-4a43-892c-8d7e9a690fe2,4811297e-a8df-4150-9d4d-376fd0c6e9cd,sftp://sftp.l3harris.com/gsee/fcidump.33_2ru_III_3pl_noncan_0.2_new.4811297e-a8df-4150-9d4d-376fd0c6e9cd.gz,34,172800,1.0,-1723.022656367642,2124-03-20T20:48:21.795324+00:00,False,False,False,,,,,,False,False
DF_QPE,5dad4064-cd11-412f-85cb-d722afe3b3de,,ru_mono,7213642b-5f16-48be-d5e5-2bc42ebb8526,d937e005-3688-4138-9465-426798087395,30c3e4f9-1b24-4fe5-9cab-ad0b67e0d74b,sftp://sftp.l3harris.com/gsee/fcidump.34_3ruo_IV_2pl_noncan_0.2_new.30c3e4f9-1b24-4fe5-9cab-ad0b67e0d74b.gz,10,172800,1.0,-1796.945217268863,2124-03-20T20:48:21.795324+00:00,False,False,False,,,,,,False,False
DF_QPE,5dad4064-cd11-412f-85cb-d722afe3b3de,,ru_mono,7213642b-5f16-48be-d5e5-2bc42ebb8526,ace55695-1ca9-4153-8fd4-55ed6658cf8c,a2417602-4e97-4395-b3f0-1e29262c8053,sftp://sftp.l3harris.com/gsee/fcidump.35_3ruo_IV_2pl_noncan_0.2_new.a2417602-4e97-4395-b3f0-1e29262c8053.gz,36,172800,1.0,-1797.371453350987,2124-03-20T20:48:21.795324+00:00,False,False,False,,,,,,False,False
DF_QPE,5dad4064-cd11-412f-85cb-d722afe3b3de,,ru_mono,7213642b-5f16-48be-d5e5-2bc42ebb8526,dab492c3-27fe-4ac3-8c98-de2563caf66c,51f7d629-9a0e-4688-8562-59a5f0c0a404,sftp://sftp.l3harris.com/gsee/fcidump.36_1ru_II_2pl_noncan_0.2_new.51f7d629-9a0e-4688-8562-59a5f0c0a404.gz,9,172800,1.0,-1723.455357141506,2124-03-20T20:48:21.795324+00:00,False,False,False,,,,,,False,False
DF_QPE,5dad4064-cd11-412f-85cb-d722afe3b3de,,ru_mono,7213642b-5f16-48be-d5e5-2bc42ebb8526,a475af8e-cb0b-4533-906d-a6b8eda313e7,7be1766a-b3f7-4779-9a69-f4358645831b,sftp://sftp.l3harris.com/gsee/fcidump.37_1ru_II_2pl_noncan_0.2_new.7be1766a-b3f7-4779-9a69-f4358645831b.gz,34,172800,1.0,,2124-03-20T20:48:21.795324+00:00,False,False,False,,,,,,False,False
DF_QPE,5dad4064-cd11-412f-85cb-d722afe3b3de,,mo2_n2,90d4e4fc-1216-4846-b45f-198c0530e29b,e3a07092-d1e5-4867-a4d7-d0258f9df6db,09c3ddd5-0187-46e8-95c3-157c470cb69a,sftp://sftp.l3harris.com/gsee/fcidump.13_1_lut_ts_noncan_0.2_new.09c3ddd5-0187-46e8-95c3-157c470cb69a.gz,69,172800,1.0,-4269.911340904,2124-03-20T20:48:21.795324+00:00,False,False,False,,,,,,False,False
DF_QPE,5dad4064-cd11-412f-85cb-d722afe3b3de,,mo2_n2,90d4e4fc-1216-4846-b45f-198c0530e29b,138733f0-08f5-4077-b848-813c8ec53c79,f36a9dbc-c34a-401f-8ea6-dc996d785edf,sftp://sftp.l3harris.com/gsee/fcidump.14_1_lut_prod_noncan_0.2_new.f36a9dbc-c34a-401f-8ea6-dc996d785edf.gz,70,172800,1.0,-4269.95022854353,2124-03-20T20:48:21.795324+00:00,False,False,False,,,,,,False,False
DF_QPE,5dad4064-cd11-412f-85cb-d722afe3b3de,,mo2_n2,90d4e4fc-1216-4846-b45f-198c0530e29b,79b74ad4-afa8-458f-87a3-a5ec339056c6,9cba211b-820c-4ad4-a050-336e8049e1c7,sftp://sftp.l3harris.com/gsee/fcidump.15_1_lut_react_noncan_0.2_new.9cba211b-820c-4ad4-a050-336e8049e1c7.gz,69,172800,1.0,-4269.91981972922,2124-03-20T20:48:21.795324+00:00,False,False,False,,,,,,False,False
DF_QPE,5dad4064-cd11-412f-85cb-d722afe3b3de,,MnO_0,e2212cdf-adef-454a-b218-05041d723c55,f0ee8150-86e2-4f9e-ae35-95af38f3c69e,55355f72-52f0-427d-b5ac-3b41666ca5fb,sftp://sftp.l3harris.com/gsee/small_molecules/fcidump.MnO_vdz.55355f72-52f0-427d-b5ac-3b41666ca5fb.gz,76,86400,1.0,-119.85051,,False,False,False,,,,,,False,False
DF_QPE,5dad4064-cd11-412f-85cb-d722afe3b3de,,mo_n2_pincer,8a3787cc-d3d0-42a8-d9a9-7de2aed45208,aaae8d93-cb88-41ee-8f11-c70cc9b0d7fb,4476d0ff-9618-4774-9619-e3f223249cea,sftp://sftp.l3harris.com/gsee/fcidump.16_ts_1over4a_noncan_0.2_new.4476d0ff-9618-4774-9619-e3f223249cea.gz,55,172800,1.0,-2928.53386390964,2124-03-20T20:48:21.795324+00:00,False,False,False,,,,,,False,False
DF_QPE,5dad4064-cd11-412f-85cb-d722afe3b3de,,mo_n2_pincer,8a3787cc-d3d0-42a8-d9a9-7de2aed45208,5547bb48-fac6-4426-91ad-c4853ce421aa,d74d0c01-8507-445b-bec1-f02bafbbfaab,sftp://sftp.l3harris.com/gsee/fcidump.17_ts_1over4a_noncan_0.2_new.d74d0c01-8507-445b-bec1-f02bafbbfaab.gz,70,172800,1.0,,2124-03-20T20:48:21.795324+00:00,False,False,False,,,,,,False,False
DF_QPE,5dad4064-cd11-412f-85cb-d722afe3b3de,,mo_n2_pincer,8a3787cc-d3d0-42a8-d9a9-7de2aed45208,db75bf65-181b-40c2-b978-26453437c2b0,f6516937-6182-4dae-a39c-f94c0d72bf70,sftp://sftp.l3harris.com/gsee/fcidump.18_I_noncan_0.2_new.f6516937-6182-4dae-a39c-f94c0d72bf70.gz,55,172800,1.0,,2124-03-20T20:48:21.795324+00:00,False,False,False,,,,,,False,False
DF_QPE,5dad4064-cd11-412f-85cb-d722afe3b3de,,mo_n2_pincer,8a3787cc-d3d0-42a8-d9a9-7de2aed45208,ab482d50-9a85-48d9-aa17-83dcbb38614b,53abfc75-37a3-440c-a023-6e4cbffecd6a,sftp://sftp.l3harris.com/gsee/fcidump.19_I_noncan_0.2_new.53abfc75-37a3-440c-a023-6e4cbffecd6a.gz,69,172800,1.0,,2124-03-20T20:48:21.795324+00:00,False,False,False,,,,,,False,False
DF_QPE,5dad4064-cd11-412f-85cb-d722afe3b3de,,mo_n2_pincer,8a3787cc-d3d0-42a8-d9a9-7de2aed45208,b628f4be-582f-4f23-96eb-c8b9e0005e4a,3527a125-6e74-4df9-a9ac-ebba7d8b84ff,sftp://sftp.l3harris.com/gsee/fcidump.20_rc_noncan_0.2_new.3527a125-6e74-4df9-a9ac-ebba7d8b84ff.gz,31,172800,1.0,-2928.27122973346,2124-03-20T20:48:21.795324+00:00,False,False,False,,,,,,False,False
DF_QPE,5dad4064-cd11-412f-85cb-d722afe3b3de,,mo_n2_pincer,8a3787cc-d3d0-42a8-d9a9-7de2aed45208,c436c481-00d1-49ec-8d0e-0a5e83a8df19,7fc6d81a-8e1c-436f-ade2-93aed1dfee42,sftp://sftp.l3harris.com/gsee/fcidump.21_rc_noncan_0.2_new.7fc6d81a-8e1c-436f-ade2-93aed1dfee42.gz,45,172800,1.0,-2928.30539273947,2124-03-20T20:48:21.795324+00:00,False,False,False,,,,,,False,False
DF_QPE,5dad4064-cd11-412f-85cb-d722afe3b3de,,mo_n2_pincer,8a3787cc-d3d0-42a8-d9a9-7de2aed45208,349e9cbe-d675-411f-b6b8-be846c27902c,2e1dab84-5b1a-4521-8d36-78117ab88bbd,sftp://sftp.l3harris.com/gsee/fcidump.22_pc-_noncan_0.2_new.2e1dab84-5b1a-4521-8d36-78117ab88bbd.gz,55,172800,1.0,-2928.43351150221,2124-03-20T20:48:21.795324+00:00,False,False,False,,,,,,False,False
DF_QPE,5dad4064-cd11-412f-85cb-d722afe3b3de,,mo_n2_pincer,8a3787cc-d3d0-42a8-d9a9-7de2aed45208,3eccbccf-e84a-44b9-b775-cef772cd84f0,21b0efe8-adc7-44c2-ac49-671cc4b4a1ee,sftp://sftp.l3harris.com/gsee/fcidump.23_pc-_noncan_0.2_new.21b0efe8-adc7-44c2-ac49-671cc4b4a1ee.gz,69,172800,1.0,,2124-03-20T20:48:21.795324+00:00,False,False,False,,,,,,False,False
DF_QPE,5dad4064-cd11-412f-85cb-d722afe3b3de,,mo_n2_pincer,8a3787cc-d3d0-42a8-d9a9-7de2aed45208,4c240146-6b8b-4fa5-88e4-41cbd39c8ac3,b96f67e6-fafe-4ccd-ac6f-67afb52f3835,sftp://sftp.l3harris.com/gsee/fcidump.24_ts_1over2_noncan_0.2_new.b96f67e6-fafe-4ccd-ac6f-67afb52f3835.gz,31,172800,1.0,-2928.21304660173,2124-03-20T20:48:21.795324+00:00,False,False,False,,,,,,False,False
DF_QPE,5dad4064-cd11-412f-85cb-d722afe3b3de,,mo_n2_pincer,8a3787cc-d3d0-42a8-d9a9-7de2aed45208,c582e543-075c-4fa1-b189-5e7455286d82,47f67a0f-a385-405d-9ac6-2e22f8ceb8e4,sftp://sftp.l3harris.com/gsee/fcidump.25_ts_1over2_noncan_0.2_new.47f67a0f-a385-405d-9ac6-2e22f8ceb8e4.gz,45,172800,1.0,-2928.2646178975,2124-03-20T20:48:21.795324+00:00,False,False,False,,,,,,False,False
DF_QPE,5dad4064-cd11-412f-85cb-d722afe3b3de,,mo_n2_pincer,8a3787cc-d3d0-42a8-d9a9-7de2aed45208,3fa3940d-8a68-44ae-9223-7346404651e6,bed1771c-394c-44e6-93e3-ca41732326d2,sftp://sftp.l3harris.com/gsee/fcidump.26_pc_noncan_0.2_new.bed1771c-394c-44e6-93e3-ca41732326d2.gz,31,172800,1.0,-2928.27989772549,2124-03-20T20:48:21.795324+00:00,False,False,False,,,,,,False,False
DF_QPE,5dad4064-cd11-412f-85cb-d722afe3b3de,,mo_n2_pincer,8a3787cc-d3d0-42a8-d9a9-7de2aed45208,eadd62e9-ee3d-4193-94de-7735a529edce,98016425-092d-41a4-b397-9b4b237c582a,sftp://sftp.l3harris.com/gsee/fcidump.27_pc_noncan_0.2_new.98016425-092d-41a4-b397-9b4b237c582a.gz,45,172800,1.0,-2928.31225576851,2124-03-20T20:48:21.795324+00:00,False,False,False,,,,,,False,False
DF_QPE,5dad4064-cd11-412f-85cb-d722afe3b3de,,mo_n2_pincer,8a3787cc-d3d0-42a8-d9a9-7de2aed45208,b900c4a3-fe87-4df7-96b7-2767ccdc1d56,e03635b0-a537-4a58-9f3e-c7114715e47d,sftp://sftp.l3harris.com/gsee/fcidump.28_2_noncan_0.2_new.e03635b0-a537-4a58-9f3e-c7114715e47d.gz,31,172800,1.0,-2928.30960854932,2124-03-20T20:48:21.795324+00:00,False,False,False,,,,,,False,False
DF_QPE,5dad4064-cd11-412f-85cb-d722afe3b3de,,mo_n2_pincer,8a3787cc-d3d0-42a8-d9a9-7de2aed45208,7fc4c1d7-3469-40a3-9cd8-4354b6acf01d,f7797f63-30ab-40e0-8ca6-042c9aa932b4,sftp://sftp.l3harris.com/gsee/fcidump.29_2_noncan_0.2_new.f7797f63-30ab-40e0-8ca6-042c9aa932b4.gz,45,172800,1.0,-2928.34631056936,2124-03-20T20:48:21.795324+00:00,False,False,False,,,,,,False,False
DF_QPE,5dad4064-cd11-412f-85cb-d722afe3b3de,,mo_n2_pincer,8a3787cc-d3d0-42a8-d9a9-7de2aed45208,09b81c3d-aee1-4bc3-98ce-a72da477b108,e701d53e-63fe-47f1-b727-39457c9207e6,sftp://sftp.l3harris.com/gsee/fcidump.30_4a_noncan_0.2_new.e701d53e-63fe-47f1-b727-39457c9207e6.gz,25,172800,1.0,-2623.09863495122,2124-03-20T20:48:21.795324+00:00,False,False,False,,,,,,False,False
DF_QPE,5dad4064-cd11-412f-85cb-d722afe3b3de,,mo_n2_pincer,8a3787cc-d3d0-42a8-d9a9-7de2aed45208,87d59f7c-e397-42dc-aa6e-00200d8697aa,21abd0b3-b2cb-4a8a-812e-a8706542f429,sftp://sftp.l3harris.com/gsee/fcidump.31_4a_noncan_0.2_new.21abd0b3-b2cb-4a8a-812e-a8706542f429.gz,39,172800,1.0,-2623.16661546777,2124-03-20T20:48:21.795324+00:00,False,False,False,,,,,,False,False
DF_QPE,5dad4064-cd11-412f-85cb-d722afe3b3de,,c_o2_0,3987b2dd-25bc-44e2-b516-dbc3f670a9c3,615c9d78-2b84-4c7b-ab6b-ba05b188f50a,b45cfaee-dd16-4f80-963d-ab0f9cc4dab5,sftp://sftp.l3harris.com/gsee/small_molecules/fcidump.c_o2_cc-pVDZ.b45cfaee-dd16-4f80-963d-ab0f9cc4dab5.gz,42,86400,1.0,-188.1495381960868,,False,False,False,,,,,,False,False
DF_QPE,5dad4064-cd11-412f-85cb-d722afe3b3de,,c_o2_0,3987b2dd-25bc-44e2-b516-dbc3f670a9c3,a091c1a1-bde2-4a83-bf58-5010f7a8e1d4,0ffd2489-0b50-49b6-9e6e-7607f14102a9,sftp://sftp.l3harris.com/gsee/small_molecules/fcidump.c_o2_cc-pVTZ.0ffd2489-0b50-49b6-9e6e-7607f14102a9.gz,90,86400,1.0,-188.32872345662585,,False,False,False,,,,,,False,False
