,solver_short_name,solver_uuid,solution_uuid,problem_instance_short_name,problem_instance_uuid,task_uuid,instance_data_object_uuid,instance_data_object_url,num_orbitals,time_limit_seconds,accuracy_tol,reference_energy,calendar_due_date,attempted,solved_within_run_time,solved_within_accuracy_requirement,overall_run_time_seconds,is_resource_estimate,num_logical_qubits,num_shots,num_T_gates_per_shot,re_circuit_repetitions_per_calculation,re_calculation_repetitions,re_total_circuit_repetitions,re_logical_abstract_num_qubits,re_logical_abstract_t_count,re_logical_architecture_description,re_logical_compiled_num_qubits,re_logical_compiled_t_count,re_logical_compiled_num_t_factories,re_physical_architecture_description,re_physical_code_name,re_physical_code_distance,re_physical_runtime,re_physical_num_qubits,re_physical_t_count,re_physical_num_t_factories,submitted_by_calendar_due_date,label,reported_energy
0,SHCI_opt,2dde727e-a881-44fa-aabf-bba6248e4baf,aeba9ad8-c15c-4885-91d8-a6a71f7db8dd,cl2_0,0e393c20-3915-42b9-a8aa-29bf53548269,c01649e2-8c5c-4827-a037-1ede2159e558,8d4aaf5e-4bca-4e5b-9fb0-2556228f5c52,sftp://sftp.l3harris.com/gsee/small_molecules/fcidump.cl2_cc-pVDZ.8d4aaf5e-4bca-4e5b-9fb0-2556228f5c52.gz,36,86400,1.0,-919.2640150271372,,True,True,True,3853.292,False,,,,,,,,,,,,,,,,,,,,True,True,-919.2097146746248
9,SHCI_opt,2dde727e-a881-44fa-aabf-bba6248e4baf,aeba9ad8-c15c-4885-91d8-a6a71f7db8dd,cl2_0,0e393c20-3915-42b9-a8aa-29bf53548269,214bb702-d7bc-4141-8cf3-f6979ba0f67a,7b8c2dbd-8966-4eb4-83af-8acb07454e8a,sftp://sftp.l3harris.com/gsee/small_molecules/fcidump.cl2_cc-pVQZ.7b8c2dbd-8966-4eb4-83af-8acb07454e8a.gz,118,86400,1.0,-919.477844293124,,True,True,True,19002.197999999997,False,,,,,,,,,,,,,,,,,,,,True,True,-919.5113840759193
18,SHCI_opt,2dde727e-a881-44fa-aabf-bba6248e4baf,aeba9ad8-c15c-4885-91d8-a6a71f7db8dd,cl2_0,0e393c20-3915-42b9-a8aa-29bf53548269,35e4c771-0f4f-4413-b42f-132f1e606cb0,781d0704-7a95-4183-9c50-cbdbd976884a,sftp://sftp.l3harris.com/gsee/small_molecules/fcidump.cl2_cc-pVTZ.781d0704-7a95-4183-9c50-cbdbd976884a.gz,68,86400,1.0,-919.4281753393263,,True,True,True,12148.940999999999,False,,,,,,,,,,,,,,,,,,,,True,True,-919.4088586470002
27,SHCI_opt,2dde727e-a881-44fa-aabf-bba6248e4baf,f75de943-a5ec-4a94-910b-d2038ae61c9b,Cu_0,1448d27d-bfa9-470f-a6c8-864a295b66f4,7f0518e8-e2c8-4912-8268-4de4cd504084,48434e2f-f09e-474e-b98c-af180386a258,sftp://sftp.l3harris.com/gsee/small_molecules/fcidump.Cu0_vdz.48434e2f-f09e-474e-b98c-af180386a258.gz,54,86400,1.0,-197.2369,,True,True,True,6033.876,False,,,,,,,,,,,,,,,,,,,,True,True,-197.2368796759643
36,SHCI_opt,2dde727e-a881-44fa-aabf-bba6248e4baf,,Cu_0,1448d27d-bfa9-470f-a6c8-864a295b66f4,0f5171c4-cf55-4a82-99a2-c72edebce9c9,e304b6b5-b820-470d-a8b5-92d6354abd16,sftp://sftp.l3harris.com/gsee/small_molecules/fcidump.Cu0_vtz.e304b6b5-b820-470d-a8b5-92d6354abd16.gz,88,86400,1.0,-197.44464,,False,False,False,,,,,,,,,,,,,,,,,,,,,,False,False,
45,SHCI_opt,2dde727e-a881-44fa-aabf-bba6248e4baf,8df061b1-db15-4d5b-916b-a2375b6c6c28,si2_h6_0,0c1dfb55-f021-409a-80b1-79c8c2908095,109f95c5-8561-458c-8f41-72be596b87e6,bdb74fe0-4d88-4e9f-8354-7ff891c21b5b,sftp://sftp.l3harris.com/gsee/small_molecules/fcidump.si2_h6_cc-pVDZ.bdb74fe0-4d88-4e9f-8354-7ff891c21b5b.gz,66,86400,1.0,-581.6123803081928,,True,True,True,16627.722,False,,,,,,,,,,,,,,,,,,,,True,True,-580.9438738297849
54,SHCI_opt,2dde727e-a881-44fa-aabf-bba6248e4baf,947602ce-4b38-443f-81e4-3901404e0e06,blue_dimer,dc8bdc56-5ebd-4996-6b81-81b1a06d8c76,9da97ef6-4bad-4c82-8576-9b8e539a7ba8,46967cfc-d867-40e8-bef0-9655c46cef29,sftp://sftp.l3harris.com/gsee/fcidump.38_1_ts_noncan_0.2_new.46967cfc-d867-40e8-bef0-9655c46cef29.gz,18,172800,1.0,-2453.383139874957,2124-03-20T20:48:21.795324+00:00,True,True,True,335.695,False,,,,,,,,,,,,,,,,,,,,True,True,-2453.3940998343696
63,SHCI_opt,2dde727e-a881-44fa-aabf-bba6248e4baf,947602ce-4b38-443f-81e4-3901404e0e06,blue_dimer,dc8bdc56-5ebd-4996-6b81-81b1a06d8c76,f20db1b1-86e3-4ddf-96ff-a6d37f331935,85d9d818-501e-4a0e-8fd8-c216ab5e3cb5,sftp://sftp.l3harris.com/gsee/fcidump.39_1_ts_noncan_0.2_new.85d9d818-501e-4a0e-8fd8-c216ab5e3cb5.gz,22,172800,1.0,-2453.722353799089,2124-03-20T20:48:21.795324+00:00,True,True,True,585.949,False,,,,,,,,,,,,,,,,,,,,True,True,-2453.7328376112205
72,SHCI_opt,2dde727e-a881-44fa-aabf-bba6248e4baf,947602ce-4b38-443f-81e4-3901404e0e06,blue_dimer,dc8bdc56-5ebd-4996-6b81-81b1a06d8c76,742be33c-0982-4b06-b324-1d86242e28d9,7db0f859-073f-46af-9325-016a67229a4b,sftp://sftp.l3harris.com/gsee/fcidump.40_1_ts_noncan_0.2_new.7db0f859-073f-46af-9325-016a67229a4b.gz,34,172800,1.0,-2454.500248971286,2124-03-20T20:48:21.795324+00:00,True,True,True,26405.942,False,,,,,,,,,,,,,,,,,,,,True,True,-2454.5017929199876
81,SHCI_opt,2dde727e-a881-44fa-aabf-bba6248e4baf,947602ce-4b38-443f-81e4-3901404e0e06,blue_dimer,dc8bdc56-5ebd-4996-6b81-81b1a06d8c76,3b49563d-948a-4ecb-84a0-d3c0c2c0d217,2f0b6ced-7831-4fe0-b95e-ce4d456c9c6b,sftp://sftp.l3harris.com/gsee/fcidump.41_1_ts_noncan_0.2_new.2f0b6ced-7831-4fe0-b95e-ce4d456c9c6b.gz,36,172800,1.0,,2124-03-20T20:48:21.795324+00:00,True,True,False,31449.753999999997,False,,,,,,,,,,,,,,,,,,,,True,False,-2454.559195706688
90,SHCI_opt,2dde727e-a881-44fa-aabf-bba6248e4baf,947602ce-4b38-443f-81e4-3901404e0e06,blue_dimer,dc8bdc56-5ebd-4996-6b81-81b1a06d8c76,950da653-13ce-4cd7-95d8-5045ab03d4bc,a722dd32-93c7-4fbd-9cf5-f1bf44b2cdae,sftp://sftp.l3harris.com/gsee/fcidump.42_1_star_noncan_0.2_new.a722dd32-93c7-4fbd-9cf5-f1bf44b2cdae.gz,18,172800,1.0,-2452.705783831708,2124-03-20T20:48:21.795324+00:00,True,True,True,210.134,False,,,,,,,,,,,,,,,,,,,,True,True,-2452.7144061661793
99,SHCI_opt,2dde727e-a881-44fa-aabf-bba6248e4baf,,blue_dimer,dc8bdc56-5ebd-4996-6b81-81b1a06d8c76,13821f5c-78a6-485c-9006-a17a234cde9f,d9707874-28d5-48b6-824e-a2e6c8753437,sftp://sftp.l3harris.com/gsee/fcidump.43_1_star_noncan_0.2_new.d9707874-28d5-48b6-824e-a2e6c8753437.gz,22,172800,1.0,-2452.785072302863,2124-03-20T20:48:21.795324+00:00,False,False,False,,,,,,,,,,,,,,,,,,,,,,False,False,
108,SHCI_opt,2dde727e-a881-44fa-aabf-bba6248e4baf,947602ce-4b38-443f-81e4-3901404e0e06,blue_dimer,dc8bdc56-5ebd-4996-6b81-81b1a06d8c76,765594e5-44ac-41a2-89a7-f2ac03536379,727ab190-e399-4bb6-a9b3-20ae57789bac,sftp://sftp.l3harris.com/gsee/fcidump.44_1_star_noncan_0.2_new.727ab190-e399-4bb6-a9b3-20ae57789bac.gz,34,172800,1.0,,2124-03-20T20:48:21.795324+00:00,True,True,False,11455.914,False,,,,,,,,,,,,,,,,,,,,True,False,-2454.5567490449107
117,SHCI_opt,2dde727e-a881-44fa-aabf-bba6248e4baf,,blue_dimer,dc8bdc56-5ebd-4996-6b81-81b1a06d8c76,858b9683-fc6c-4ebe-8c33-27f0d848f24f,e986eb83-6b9d-439e-85ca-a9b931eef4a2,sftp://sftp.l3harris.com/gsee/fcidump.45_1_star_noncan_0.2_new.e986eb83-6b9d-439e-85ca-a9b931eef4a2.gz,36,172800,1.0,,2124-03-20T20:48:21.795324+00:00,False,False,False,,,,,,,,,,,,,,,,,,,,,,False,False,
126,SHCI_opt,2dde727e-a881-44fa-aabf-bba6248e4baf,947602ce-4b38-443f-81e4-3901404e0e06,blue_dimer,dc8bdc56-5ebd-4996-6b81-81b1a06d8c76,1a013e9f-7eab-4a1b-b486-1d9e2d99e754,6bf3207c-664b-4ed3-8e74-82b42e277234,sftp://sftp.l3harris.com/gsee/fcidump.46_2_noncan_0.2_new.6bf3207c-664b-4ed3-8e74-82b42e277234.gz,19,172800,1.0,-2454.21163859541,2124-03-20T20:48:21.795324+00:00,True,True,True,1047.295,False,,,,,,,,,,,,,,,,,,,,True,True,-2454.2116748399408
135,SHCI_opt,2dde727e-a881-44fa-aabf-bba6248e4baf,,blue_dimer,dc8bdc56-5ebd-4996-6b81-81b1a06d8c76,001a0d11-165a-49c5-a334-643023029f40,fb3ecfad-6450-423e-aa58-d5cddab6f0f6,sftp://sftp.l3harris.com/gsee/fcidump.47_2_noncan_0.2_new.fb3ecfad-6450-423e-aa58-d5cddab6f0f6.gz,28,172800,1.0,-2454.563249138352,2124-03-20T20:48:21.795324+00:00,False,False,False,,,,,,,,,,,,,,,,,,,,,,False,False,
144,SHCI_opt,2dde727e-a881-44fa-aabf-bba6248e4baf,,blue_dimer,dc8bdc56-5ebd-4996-6b81-81b1a06d8c76,1c9508e3-b9fe-44f1-ae58-c6339ef43f47,dc406285-bac1-4b99-afbf-06728b7d699b,sftp://sftp.l3harris.com/gsee/fcidump.48_2_noncan_0.2_new.dc406285-bac1-4b99-afbf-06728b7d699b.gz,34,172800,1.0,-2454.622490265655,2124-03-20T20:48:21.795324+00:00,False,False,False,,,,,,,,,,,,,,,,,,,,,,False,False,
153,SHCI_opt,2dde727e-a881-44fa-aabf-bba6248e4baf,947602ce-4b38-443f-81e4-3901404e0e06,blue_dimer,dc8bdc56-5ebd-4996-6b81-81b1a06d8c76,6713517a-ab65-4381-aae1-0839dcd6c1a0,af9d6a83-7898-4c13-80eb-a83a533ebf2d,sftp://sftp.l3harris.com/gsee/fcidump.49_2_noncan_0.2_new.af9d6a83-7898-4c13-80eb-a83a533ebf2d.gz,36,172800,1.0,-2454.679201689047,2124-03-20T20:48:21.795324+00:00,True,True,True,40667.631,False,,,,,,,,,,,,,,,,,,,,True,True,-2454.6847487586683
162,SHCI_opt,2dde727e-a881-44fa-aabf-bba6248e4baf,9630ec04-4cf0-48f9-af3d-3687d2769361,benzene,f377cc27-366a-45af-b45a-c8478e4b6199,b86457a4-abf4-43c9-9c08-2397e95b7c0f,4c655f65-1899-469c-975a-a3caec750697,sftp://sftp.l3harris.com/gsee/FCIDUMP_benzene_sto-3g_4c655f65-1899-469c-975a-a3caec750697.gz,30,172800,1.0,,,True,True,False,5143.16,False,,,,,,,,,,,,,,,,,,,,True,False,-64.37466100179492
171,SHCI_opt,2dde727e-a881-44fa-aabf-bba6248e4baf,,benzene,f377cc27-366a-45af-b45a-c8478e4b6199,7148b36a-0571-4a41-9239-19a97339f68a,96ff0e22-a3ab-49f3-aee9-9a1886cbf850,sftp://sftp.l3harris.com/gsee/FCIDUMP_benzene_cc-pvdz_96ff0e22-a3ab-49f3-aee9-9a1886cbf850.gz,108,172800,1.0,,,False,False,False,,,,,,,,,,,,,,,,,,,,,,False,False,
180,SHCI_opt,2dde727e-a881-44fa-aabf-bba6248e4baf,7c30c1e7-e867-4d2e-b346-f909161a5567,Cr_1,02a8c4e9-9d15-4742-b4cc-7f47f69da0e5,b24b71b9-971a-4aca-9fc0-7198d16ca9ed,69a1826c-1bee-4855-8f5f-5df29035bfca,sftp://sftp.l3harris.com/gsee/small_molecules/fcidump.Cr1_vdz.69a1826c-1bee-4855-8f5f-5df29035bfca.gz,54,86400,1.0,-86.37241,,True,True,True,993.186,False,,,,,,,,,,,,,,,,,,,,True,True,-86.32156875067517
189,SHCI_opt,2dde727e-a881-44fa-aabf-bba6248e4baf,7c30c1e7-e867-4d2e-b346-f909161a5567,Cr_1,02a8c4e9-9d15-4742-b4cc-7f47f69da0e5,e604a906-55fa-4b3f-bf17-c24a30312b84,4e3649dd-9050-4acc-93f6-a09c962e89d7,sftp://sftp.l3harris.com/gsee/small_molecules/fcidump.Cr1_vqz.4e3649dd-9050-4acc-93f6-a09c962e89d7.gz,135,86400,1.0,-86.51867,,True,True,True,16406.756,False,,,,,,,,,,,,,,,,,,,,True,True,-86.46610879817364
198,SHCI_opt,2dde727e-a881-44fa-aabf-bba6248e4baf,,Cr_1,02a8c4e9-9d15-4742-b4cc-7f47f69da0e5,f4b120e9-acd0-4c7c-89e2-cc082f52f5cf,efaceb68-6fae-491a-bb90-1e3e3463f010,sftp://sftp.l3harris.com/gsee/small_molecules/fcidump.Cr1_vtz.efaceb68-6fae-491a-bb90-1e3e3463f010.gz,88,86400,1.0,-86.47298,,False,False,False,,,,,,,,,,,,,,,,,,,,,,False,False,
207,SHCI_opt,2dde727e-a881-44fa-aabf-bba6248e4baf,e79df2ae-61cc-4481-8023-2aff8b7dddc1,Ti_1,9823b0dd-87b6-4793-9741-e8cbcf2b50c0,2cd76a23-0514-458a-b588-94e2d10564d3,760e312c-9982-486d-b50e-d9acb003aedc,sftp://sftp.l3harris.com/gsee/small_molecules/fcidump.Ti1_vdz.760e312c-9982-486d-b50e-d9acb003aedc.gz,54,86400,1.0,-57.63401999999999,,True,True,True,600.234,False,,,,,,,,,,,,,,,,,,,,True,True,-57.634013854790666
216,SHCI_opt,2dde727e-a881-44fa-aabf-bba6248e4baf,e79df2ae-61cc-4481-8023-2aff8b7dddc1,Ti_1,9823b0dd-87b6-4793-9741-e8cbcf2b50c0,c7049602-5460-4277-8148-d9c66012f8f0,2ae865cc-f4c6-4e9f-903c-c8221e06b7a9,sftp://sftp.l3harris.com/gsee/small_molecules/fcidump.Ti1_vtz.2ae865cc-f4c6-4e9f-903c-c8221e06b7a9.gz,88,86400,1.0,-57.70424000000001,,True,True,True,5081.3730000000005,False,,,,,,,,,,,,,,,,,,,,True,True,-57.70422895374306
225,SHCI_opt,2dde727e-a881-44fa-aabf-bba6248e4baf,2ee620da-67cc-441b-af36-ac148c0fe971,V_0,a14a1e28-71c5-4e23-bf6e-dd9662a6df58,0f0c8766-4bf5-4c1e-991a-9dafe9bc8f27,950e31e2-142f-480b-b0d1-174381bdb64a,sftp://sftp.l3harris.com/gsee/small_molecules/fcidump.V0_vdz.950e31e2-142f-480b-b0d1-174381bdb64a.gz,54,86400,1.0,-71.07767,,True,True,True,6537.5689999999995,False,,,,,,,,,,,,,,,,,,,,True,True,-71.07762963811888
234,SHCI_opt,2dde727e-a881-44fa-aabf-bba6248e4baf,,V_0,a14a1e28-71c5-4e23-bf6e-dd9662a6df58,338f4b6e-775c-413b-a508-9132659ebbc3,d85e35e4-fe5c-4ea9-a5aa-d0273321a1dd,sftp://sftp.l3harris.com/gsee/small_molecules/fcidump.V0_vtz.d85e35e4-fe5c-4ea9-a5aa-d0273321a1dd.gz,88,86400,1.0,-71.16898,,False,False,False,,,,,,,,,,,,,,,,,,,,,,False,False,
243,SHCI_opt,2dde727e-a881-44fa-aabf-bba6248e4baf,,CuO_0,886ad5bf-d487-48c8-b08c-c9f82b84ed5d,37e1f17b-384d-423d-860b-c75b9dcff951,da86aaff-3ca6-4d32-8da2-e1acfe6c31ab,sftp://sftp.l3harris.com/gsee/small_molecules/fcidump.CuO_vdz.da86aaff-3ca6-4d32-8da2-e1acfe6c31ab.gz,76,86400,1.0,-213.12303,,False,False,False,,,,,,,,,,,,,,,,,,,,,,False,False,
252,SHCI_opt,2dde727e-a881-44fa-aabf-bba6248e4baf,25bbe83a-996d-4f0c-b0c6-f7d200d9e44d,TiO_0,0b91f99e-8de5-415d-a78e-f80e45d621ca,84aa9e2d-18e6-4689-9274-28e89ef44080,98719f34-8ba8-4557-a9fd-b28a84fe7dd1,sftp://sftp.l3harris.com/gsee/small_molecules/fcidump.TiO_vdz.98719f34-8ba8-4557-a9fd-b28a84fe7dd1.gz,76,86400,1.0,-73.90375,,True,True,True,9814.581,False,,,,,,,,,,,,,,,,,,,,True,True,-73.90357179302762
261,SHCI_opt,2dde727e-a881-44fa-aabf-bba6248e4baf,d9c316e8-526d-45ac-b951-c94ff1a3850b,na2_0,edb1dfc4-c9d0-41ce-902a-2cfcf97c0c76,4fb7e994-8e7a-4acd-86d4-bb52db824cfc,4ceb8edc-937e-4cb6-9e42-51b6760b2557,sftp://sftp.l3harris.com/gsee/small_molecules/fcidump.na2_cc-pVDZ.4ceb8edc-937e-4cb6-9e42-51b6760b2557.gz,36,86400,1.0,-323.7308349290517,,True,True,True,10.82,False,,,,,,,,,,,,,,,,,,,,True,True,-323.71110910063555
270,SHCI_opt,2dde727e-a881-44fa-aabf-bba6248e4baf,d9c316e8-526d-45ac-b951-c94ff1a3850b,na2_0,edb1dfc4-c9d0-41ce-902a-2cfcf97c0c76,f96de7fe-5c88-4083-8c48-72bc094cccfd,4d93ba0f-4ad6-4107-b495-9284d226e13d,sftp://sftp.l3harris.com/gsee/small_molecules/fcidump.na2_cc-pVQZ.4d93ba0f-4ad6-4107-b495-9284d226e13d.gz,118,86400,1.0,-323.74370271297147,,True,True,True,1986.2900000000002,False,,,,,,,,,,,,,,,,,,,,True,True,-323.7449202032483
279,SHCI_opt,2dde727e-a881-44fa-aabf-bba6248e4baf,d9c316e8-526d-45ac-b951-c94ff1a3850b,na2_0,edb1dfc4-c9d0-41ce-902a-2cfcf97c0c76,620e9ff4-07bf-4767-9237-d39aa659b8e5,c288da42-cf53-4437-a310-24bf3e35e008,sftp://sftp.l3harris.com/gsee/small_molecules/fcidump.na2_cc-pVTZ.c288da42-cf53-4437-a310-24bf3e35e008.gz,68,86400,1.0,-323.7421869969087,,True,True,True,178.265,False,,,,,,,,,,,,,,,,,,,,True,True,-323.74286408624425
288,SHCI_opt,2dde727e-a881-44fa-aabf-bba6248e4baf,475c5b73-28ab-4667-a9e6-51e6d301a571,mn_mono,cb40f3f7-ffe8-40e8-4544-f26aad5a8bd8,de3ea361-c2d3-4ab6-add4-ccd43cea6aa8,68af0b80-3d27-4aba-84f9-bcdd30a9255b,sftp://sftp.l3harris.com/gsee/fcidump.59_5_16_noncan_0.2_new.68af0b80-3d27-4aba-84f9-bcdd30a9255b.gz,14,172800,1.0,-1321.593612370238,2124-03-20T20:48:21.795324+00:00,True,True,True,33.544,False,,,,,,,,,,,,,,,,,,,,True,True,-1321.5935904819626
297,SHCI_opt,2dde727e-a881-44fa-aabf-bba6248e4baf,475c5b73-28ab-4667-a9e6-51e6d301a571,mn_mono,cb40f3f7-ffe8-40e8-4544-f26aad5a8bd8,6c39d3a7-c71a-4049-a8c7-3a3a4b61d8da,28a7820f-63fe-4920-aeec-a7ffe7e55d83,sftp://sftp.l3harris.com/gsee/fcidump.60_5_16_noncan_0.2_new.28a7820f-63fe-4920-aeec-a7ffe7e55d83.gz,30,172800,1.0,-1322.107039844683,2124-03-20T20:48:21.795324+00:00,True,True,True,916.138,False,,,,,,,,,,,,,,,,,,,,True,True,-1322.1070221425202
306,SHCI_opt,2dde727e-a881-44fa-aabf-bba6248e4baf,,mn_mono,cb40f3f7-ffe8-40e8-4544-f26aad5a8bd8,1ade03f3-06b1-4e95-b271-fea5a6343829,f738fcd6-7ddc-4d70-8ff9-4019e3718b04,sftp://sftp.l3harris.com/gsee/fcidump.61_3_15_af_noncan_0.2_new.f738fcd6-7ddc-4d70-8ff9-4019e3718b04.gz,14,172800,1.0,-1322.582234109127,2124-03-20T20:48:21.795324+00:00,False,False,False,,,,,,,,,,,,,,,,,,,,,,False,False,
315,SHCI_opt,2dde727e-a881-44fa-aabf-bba6248e4baf,475c5b73-28ab-4667-a9e6-51e6d301a571,mn_mono,cb40f3f7-ffe8-40e8-4544-f26aad5a8bd8,ff0da1e2-2c76-4589-aefa-c13bb1a1ef8f,6e2bf415-6a69-4b36-ba0f-780a11cb7c0b,sftp://sftp.l3harris.com/gsee/fcidump.62_3_15_af_noncan_0.2_new.6e2bf415-6a69-4b36-ba0f-780a11cb7c0b.gz,31,172800,1.0,-1322.661962118007,2124-03-20T20:48:21.795324+00:00,True,True,True,344.61199999999997,False,,,,,,,,,,,,,,,,,,,,True,True,-1322.6618938010715
324,SHCI_opt,2dde727e-a881-44fa-aabf-bba6248e4baf,475c5b73-28ab-4667-a9e6-51e6d301a571,mn_mono,cb40f3f7-ffe8-40e8-4544-f26aad5a8bd8,a9c90f98-6557-44d2-9ca0-0c9122f4080c,027490ba-34f9-4340-89ab-27fd110d2821,sftp://sftp.l3harris.com/gsee/fcidump.63_5_15_af_ts_noncan_0.2_new.027490ba-34f9-4340-89ab-27fd110d2821.gz,14,172800,1.0,-1322.594438035404,2124-03-20T20:48:21.795324+00:00,True,True,True,103.968,False,,,,,,,,,,,,,,,,,,,,True,True,-1322.5943560135763
333,SHCI_opt,2dde727e-a881-44fa-aabf-bba6248e4baf,475c5b73-28ab-4667-a9e6-51e6d301a571,mn_mono,cb40f3f7-ffe8-40e8-4544-f26aad5a8bd8,a16168e2-98cd-430d-a180-84f64b4d5e75,bae2da57-6a69-483e-95bc-b77f72ebfba8,sftp://sftp.l3harris.com/gsee/fcidump.64_5_15_af_ts_noncan_0.2_new.bae2da57-6a69-483e-95bc-b77f72ebfba8.gz,31,172800,1.0,-1322.651998080473,2124-03-20T20:48:21.795324+00:00,True,True,True,733.7560000000001,False,,,,,,,,,,,,,,,,,,,,True,True,-1322.6519838133954
342,SHCI_opt,2dde727e-a881-44fa-aabf-bba6248e4baf,475c5b73-28ab-4667-a9e6-51e6d301a571,mn_mono,cb40f3f7-ffe8-40e8-4544-f26aad5a8bd8,590c2f0b-964b-4d09-96ad-101a9be59cab,72343006-774e-4192-b481-fa840ed25573,sftp://sftp.l3harris.com/gsee/fcidump.65_5_15_af_noncan_0.2_new.72343006-774e-4192-b481-fa840ed25573.gz,14,172800,1.0,-1322.55739550674,2124-03-20T20:48:21.795324+00:00,True,True,True,30.610999999999997,False,,,,,,,,,,,,,,,,,,,,True,True,-1322.557296887876
351,SHCI_opt,2dde727e-a881-44fa-aabf-bba6248e4baf,,mn_mono,cb40f3f7-ffe8-40e8-4544-f26aad5a8bd8,6e617348-d0b3-4b6d-9923-ea54ba5cf751,ea55abec-8253-445d-85fa-914948b5e5a5,sftp://sftp.l3harris.com/gsee/fcidump.66_5_15_af_noncan_0.2_new.ea55abec-8253-445d-85fa-914948b5e5a5.gz,31,172800,1.0,-1322.65692896071,2124-03-20T20:48:21.795324+00:00,False,False,False,,,,,,,,,,,,,,,,,,,,,,False,False,
360,SHCI_opt,2dde727e-a881-44fa-aabf-bba6248e4baf,12abdbe3-d2d9-4705-b72d-4f2ff3624b7f,FeO_0,55d0ed82-0560-4448-8459-c2ba00654d9d,b8344eb5-f574-4198-b917-8312240ba288,3f1777dc-c493-4aa7-b3d1-6271d9bed459,sftp://sftp.l3harris.com/gsee/small_molecules/fcidump.FeO_vdz.3f1777dc-c493-4aa7-b3d1-6271d9bed459.gz,76,86400,1.0,-139.43599,,True,True,True,12068.149000000001,False,,,,,,,,,,,,,,,,,,,,True,True,-139.43589643596565
369,SHCI_opt,2dde727e-a881-44fa-aabf-bba6248e4baf,b05b12db-a0f3-4ce4-b617-fe0ccc1928a6,p_h3_0,0c2e43eb-58f3-41ca-a21f-ae46fc2a0e57,af399f2b-a4f8-4fec-aca2-7c126ed989a5,7ffaab25-7912-4ca9-b0e5-9fe8fd00a0e1,sftp://sftp.l3harris.com/gsee/small_molecules/fcidump.p_h3_cc-pVDZ.7ffaab25-7912-4ca9-b0e5-9fe8fd00a0e1.gz,33,86400,1.0,-342.6380538513027,,True,True,True,447.332,False,,,,,,,,,,,,,,,,,,,,True,True,-342.3333476244272
378,SHCI_opt,2dde727e-a881-44fa-aabf-bba6248e4baf,b05b12db-a0f3-4ce4-b617-fe0ccc1928a6,p_h3_0,0c2e43eb-58f3-41ca-a21f-ae46fc2a0e57,819ff18a-5aad-46df-83ef-bd209e44936b,2b73f8d0-08fe-4cca-9e8a-cda5d21f4761,sftp://sftp.l3harris.com/gsee/small_molecules/fcidump.p_h3_cc-pVTZ.2b73f8d0-08fe-4cca-9e8a-cda5d21f4761.gz,76,86400,1.0,-342.69352665378364,,True,True,True,3826.349,False,,,,,,,,,,,,,,,,,,,,True,True,-342.40637222017233
387,SHCI_opt,2dde727e-a881-44fa-aabf-bba6248e4baf,81af931e-73bc-49c5-9545-39b1c33dfcb8,h2_s_0,208f2e50-2b56-4e72-815a-cba5cec1264c,f2f09d9f-8328-4d4a-ba91-089f9e56bf0d,11a0ff0b-3c6f-416f-be8a-a02acd56aeb9,sftp://sftp.l3harris.com/gsee/small_molecules/fcidump.h2_s_cc-pVDZ.11a0ff0b-3c6f-416f-be8a-a02acd56aeb9.gz,28,86400,1.0,-398.86551956628944,,True,True,True,75.551,False,,,,,,,,,,,,,,,,,,,,True,True,-398.6372420868185
396,SHCI_opt,2dde727e-a881-44fa-aabf-bba6248e4baf,81af931e-73bc-49c5-9545-39b1c33dfcb8,h2_s_0,208f2e50-2b56-4e72-815a-cba5cec1264c,3d5186f9-82b3-4de0-9bc1-242d7bdb678a,57afbbf8-5819-4ee7-b540-95974b8a1a3f,sftp://sftp.l3harris.com/gsee/small_molecules/fcidump.h2_s_cc-pVQZ.57afbbf8-5819-4ee7-b540-95974b8a1a3f.gz,119,86400,1.0,-398.9566398132811,,True,True,True,8186.0869999999995,False,,,,,,,,,,,,,,,,,,,,True,True,-398.76565275093384
405,SHCI_opt,2dde727e-a881-44fa-aabf-bba6248e4baf,81af931e-73bc-49c5-9545-39b1c33dfcb8,h2_s_0,208f2e50-2b56-4e72-815a-cba5cec1264c,ec0baf59-05f5-49df-b5e5-8f887d822a10,83f0f242-e184-4581-a77a-f019731d8a6f,sftp://sftp.l3harris.com/gsee/small_molecules/fcidump.h2_s_cc-pVTZ.83f0f242-e184-4581-a77a-f019731d8a6f.gz,62,86400,1.0,-398.9364091574969,,True,True,True,3431.666,False,,,,,,,,,,,,,,,,,,,,True,True,-398.72373886617106
414,SHCI_opt,2dde727e-a881-44fa-aabf-bba6248e4baf,63a24cc6-293a-4ca2-8945-19ffab644cd7,Sc_0,67f72316-2262-44fb-8c0a-e159e1cd0cf0,fb87d637-aaab-4e8f-8898-4ecca8bd0fe0,9da0b1fb-c6a5-4da5-b390-3920e3c26154,sftp://sftp.l3harris.com/gsee/small_molecules/fcidump.Sc0_vdz.9da0b1fb-c6a5-4da5-b390-3920e3c26154.gz,54,86400,1.0,-46.39685,,True,True,True,687.609,False,,,,,,,,,,,,,,,,,,,,True,True,-46.39682893630179
423,SHCI_opt,2dde727e-a881-44fa-aabf-bba6248e4baf,63a24cc6-293a-4ca2-8945-19ffab644cd7,Sc_0,67f72316-2262-44fb-8c0a-e159e1cd0cf0,96c6a0d7-8a1e-4189-a934-833b80ade346,85c6b46a-59fe-4506-89d3-e6faec2383e2,sftp://sftp.l3harris.com/gsee/small_molecules/fcidump.Sc0_vqz.85c6b46a-59fe-4506-89d3-e6faec2383e2.gz,135,86400,1.0,-46.474,,True,True,True,8732.847,False,,,,,,,,,,,,,,,,,,,,True,True,-46.473910620224345
432,SHCI_opt,2dde727e-a881-44fa-aabf-bba6248e4baf,63a24cc6-293a-4ca2-8945-19ffab644cd7,Sc_0,67f72316-2262-44fb-8c0a-e159e1cd0cf0,dc1da839-0ccc-434c-bf9c-a3874ffc3b1c,83008296-5ec9-4af7-a03b-372025fad080,sftp://sftp.l3harris.com/gsee/small_molecules/fcidump.Sc0_vtz.83008296-5ec9-4af7-a03b-372025fad080.gz,88,86400,1.0,-46.4523,,True,True,True,4665.61,False,,,,,,,,,,,,,,,,,,,,True,True,-46.45226259578061
441,SHCI_opt,2dde727e-a881-44fa-aabf-bba6248e4baf,d1f79a1a-d4df-45fc-9068-f29ddc09a2aa,na_cl_0,3f141f05-532b-478d-b38a-2ae07baadc88,da831b60-89ce-4c01-96f9-c9f8a4512aab,cd31956d-bef5-4112-9959-510170644e72,sftp://sftp.l3harris.com/gsee/small_molecules/fcidump.na_cl_cc-pVDZ.cd31956d-bef5-4112-9959-510170644e72.gz,36,86400,1.0,-621.589074729701,,True,True,True,84.099,False,,,,,,,,,,,,,,,,,,,,True,True,-621.5020803666708
450,SHCI_opt,2dde727e-a881-44fa-aabf-bba6248e4baf,d1f79a1a-d4df-45fc-9068-f29ddc09a2aa,na_cl_0,3f141f05-532b-478d-b38a-2ae07baadc88,a2f9649f-0f47-4a5d-a6a7-b0bebc848797,677d97ee-5a46-4d49-82d6-ca3fc98a59a7,sftp://sftp.l3harris.com/gsee/small_molecules/fcidump.na_cl_cc-pVQZ.677d97ee-5a46-4d49-82d6-ca3fc98a59a7.gz,118,86400,1.0,-621.7073899161356,,True,True,True,9335.819,False,,,,,,,,,,,,,,,,,,,,True,True,-621.694324121439
459,SHCI_opt,2dde727e-a881-44fa-aabf-bba6248e4baf,d1f79a1a-d4df-45fc-9068-f29ddc09a2aa,na_cl_0,3f141f05-532b-478d-b38a-2ae07baadc88,01ec60f7-d38a-4c33-a498-659a388e10ee,444f3f27-904b-463f-b2f2-c92686c9637d,sftp://sftp.l3harris.com/gsee/small_molecules/fcidump.na_cl_cc-pVTZ.444f3f27-904b-463f-b2f2-c92686c9637d.gz,68,86400,1.0,-621.6791687419825,,True,True,True,2461.3410000000003,False,,,,,,,,,,,,,,,,,,,,True,True,-621.6332398891691
468,SHCI_opt,2dde727e-a881-44fa-aabf-bba6248e4baf,69620e62-1ce7-46dd-bf10-f33db89da5b5,c2_h2_0,0ca102a7-dad4-4d42-8c73-9acfa45378d7,2761e36e-f001-42af-8086-f507b5643ec8,5b507b3d-b6fc-4e13-9586-06113819d99f,sftp://sftp.l3harris.com/gsee/small_molecules/fcidump.c2_h2_cc-pVDZ.5b507b3d-b6fc-4e13-9586-06113819d99f.gz,38,86400,1.0,-77.11057384518455,,True,True,True,8381.752,False,,,,,,,,,,,,,,,,,,,,True,True,-76.57965259731706
477,SHCI_opt,2dde727e-a881-44fa-aabf-bba6248e4baf,69620e62-1ce7-46dd-bf10-f33db89da5b5,c2_h2_0,0ca102a7-dad4-4d42-8c73-9acfa45378d7,b1352b0c-aa96-4f58-a0e2-356d3c43c8a1,57793481-c847-4746-8241-ea949add5f87,sftp://sftp.l3harris.com/gsee/small_molecules/fcidump.c2_h2_cc-pVTZ.57793481-c847-4746-8241-ea949add5f87.gz,88,86400,1.0,-77.18881666659045,,True,True,True,55299.387,False,,,,,,,,,,,,,,,,,,,,True,True,-76.64742330705258
486,SHCI_opt,2dde727e-a881-44fa-aabf-bba6248e4baf,f040a8dc-b1e4-4b33-9939-e5102ee4af07,li_f_0,e48e7467-1fcd-478b-a599-f4ce881c57b9,80043b93-039c-4d5a-abcb-84b8f25f7abb,19cf5a4d-e90f-4ab1-a062-b20089724a63,sftp://sftp.l3harris.com/gsee/small_molecules/fcidump.li_f_cc-pVDZ.19cf5a4d-e90f-4ab1-a062-b20089724a63.gz,28,86400,1.0,-107.15554124510972,,True,True,True,32.603,False,,,,,,,,,,,,,,,,,,,,True,True,-107.03260295227747
495,SHCI_opt,2dde727e-a881-44fa-aabf-bba6248e4baf,f040a8dc-b1e4-4b33-9939-e5102ee4af07,li_f_0,e48e7467-1fcd-478b-a599-f4ce881c57b9,0485949f-722c-49ee-a748-eec54801f021,2294b211-7a05-445e-810d-4c1706e1444c,sftp://sftp.l3harris.com/gsee/small_molecules/fcidump.li_f_cc-pVQZ.2294b211-7a05-445e-810d-4c1706e1444c.gz,110,86400,1.0,-107.30032314741152,,True,True,True,9640.951000000001,False,,,,,,,,,,,,,,,,,,,,True,True,-107.23901147454909
504,SHCI_opt,2dde727e-a881-44fa-aabf-bba6248e4baf,f040a8dc-b1e4-4b33-9939-e5102ee4af07,li_f_0,e48e7467-1fcd-478b-a599-f4ce881c57b9,b80345ff-5df9-4fb3-86ab-0a25188b296d,c0df5db1-1bc0-40f5-9cff-6aa2867aba7c,sftp://sftp.l3harris.com/gsee/small_molecules/fcidump.li_f_cc-pVTZ.c0df5db1-1bc0-40f5-9cff-6aa2867aba7c.gz,60,86400,1.0,-107.26376537769306,,True,True,True,1215.736,False,,,,,,,,,,,,,,,,,,,,True,True,-107.17472748607027
513,SHCI_opt,2dde727e-a881-44fa-aabf-bba6248e4baf,19665cbe-7297-4e70-a009-843f2b5557e9,h2_c_o_0,25fd617b-8e7f-4422-9e97-cc3f6b0d3876,d58cb72b-e144-4164-aec0-309aaef6394c,d3d8851e-f3df-490c-975a-467933bd9fa1,sftp://sftp.l3harris.com/gsee/small_molecules/fcidump.h2_c_o_cc-pVDZ.d3d8851e-f3df-490c-975a-467933bd9fa1.gz,38,86400,1.0,-114.2196776531971,,True,True,True,3813.402,False,,,,,,,,,,,,,,,,,,,,True,True,-113.73506322315535
522,SHCI_opt,2dde727e-a881-44fa-aabf-bba6248e4baf,,h2_c_o_0,25fd617b-8e7f-4422-9e97-cc3f6b0d3876,ed09e1bf-40f3-4bf0-b9c7-7bb1990c5cae,f1c78add-0e23-423a-bb96-f1370626aa47,sftp://sftp.l3harris.com/gsee/small_molecules/fcidump.h2_c_o_cc-pVTZ.f1c78add-0e23-423a-bb96-f1370626aa47.gz,88,86400,1.0,-114.33491928834412,,False,False,False,,,,,,,,,,,,,,,,,,,,,,False,False,
531,SHCI_opt,2dde727e-a881-44fa-aabf-bba6248e4baf,,planted_solution_0011,766ba2da-e72a-4e03-a739-f97269026fc4,0021e256-8e13-42db-839d-e9155e8af82c,befcf6f0-cfcb-49b7-b661-de48ad8a44c8,sftp://sftp.l3harris.com/gsee/planted_solutions/fcidump.planted_solution_0011.befcf6f0-cfcb-49b7-b661-de48ad8a44c8.gz,31,86400,1.0,-588.2719562417219,,False,False,False,,,,,,,,,,,,,,,,,,,,,,False,False,
540,SHCI_opt,2dde727e-a881-44fa-aabf-bba6248e4baf,255d8c7d-9113-421b-953e-1ced9eed98a8,Mn_0,bc202949-d76c-4962-b937-5c12b298b8b4,289f5dfe-e6d5-48a3-a6ae-25088321d3c6,a83413fb-96e3-466e-910b-6d4bab7cdf1d,sftp://sftp.l3harris.com/gsee/small_molecules/fcidump.Mn0_vdz.a83413fb-96e3-466e-910b-6d4bab7cdf1d.gz,54,86400,1.0,-103.94226,,True,True,True,8676.072,False,,,,,,,,,,,,,,,,,,,,True,True,-103.85750188638296
549,SHCI_opt,2dde727e-a881-44fa-aabf-bba6248e4baf,,Mn_0,bc202949-d76c-4962-b937-5c12b298b8b4,24f12fad-130e-44fc-8b07-bc26c5a3d878,07c9da30-e172-4183-a8af-301628b75f1c,sftp://sftp.l3harris.com/gsee/small_molecules/fcidump.Mn0_vtz.07c9da30-e172-4183-a8af-301628b75f1c.gz,88,86400,1.0,-104.06366,,False,False,False,,,,,,,,,,,,,,,,,,,,,,False,False,
558,SHCI_opt,2dde727e-a881-44fa-aabf-bba6248e4baf,,planted_solution_0008,b57eb979-5c09-4974-97b4-5862e109a1ae,af56de36-35aa-44b9-8eb7-b9c1e8f7d0f3,44060124-8f2d-4a91-80a9-5a29f0f4f716,sftp://sftp.l3harris.com/gsee/planted_solutions/fcidump.planted_solution_0008.44060124-8f2d-4a91-80a9-5a29f0f4f716.gz,14,86400,1.0,-117.1341466614673,,False,False,False,,,,,,,,,,,,,,,,,,,,,,False,False,
567,SHCI_opt,2dde727e-a881-44fa-aabf-bba6248e4baf,98460601-c89a-4794-b605-7eec3ddaa55b,mo_n2,664ec8e4-09d5-41cc-6266-ddb26219366f,00ba4917-d66a-4335-819f-43390dfc9929,23aa47ca-9afe-4086-bd97-75de310e033e,sftp://sftp.l3harris.com/gsee/fcidump.9_mo_n2-_noncan_0.2_new.23aa47ca-9afe-4086-bd97-75de310e033e.gz,31,172800,1.0,-4800.64948758995,2124-03-20T20:48:21.795324+00:00,True,True,True,213.118,False,,,,,,,,,,,,,,,,,,,,True,True,-4800.649396570814
576,SHCI_opt,2dde727e-a881-44fa-aabf-bba6248e4baf,,mo_n2,664ec8e4-09d5-41cc-6266-ddb26219366f,b9cc699a-80f8-4280-9731-23dee4d5a6a5,e10bd99a-435c-41cd-84f1-41bd67890fc7,sftp://sftp.l3harris.com/gsee/fcidump.10_fecp2+_s0.5_noncan_0.2_new.e10bd99a-435c-41cd-84f1-41bd67890fc7.gz,46,172800,1.0,,2124-03-20T20:48:21.795324+00:00,False,False,False,,,,,,,,,,,,,,,,,,,,,,False,False,
585,SHCI_opt,2dde727e-a881-44fa-aabf-bba6248e4baf,98460601-c89a-4794-b605-7eec3ddaa55b,mo_n2,664ec8e4-09d5-41cc-6266-ddb26219366f,dfd78a05-437d-4667-88d7-7e2a3384b816,b71baf3c-d5f0-4f8d-aead-648ba69a058e,sftp://sftp.l3harris.com/gsee/fcidump.11_fecp2_s0_noncan_0.2_new.b71baf3c-d5f0-4f8d-aead-648ba69a058e.gz,46,172800,1.0,-1647.3491358097,2124-03-20T20:48:21.795324+00:00,True,True,True,6947.486,False,,,,,,,,,,,,,,,,,,,,True,True,-1647.3521735515683
594,SHCI_opt,2dde727e-a881-44fa-aabf-bba6248e4baf,98460601-c89a-4794-b605-7eec3ddaa55b,mo_n2,664ec8e4-09d5-41cc-6266-ddb26219366f,35c1aee4-4ef3-4e18-bc2a-377cf45e8fa1,77c12db8-c32e-4f88-8552-9762a0fff763,sftp://sftp.l3harris.com/gsee/fcidump.12_mo_n2_noncan_0.2_new.77c12db8-c32e-4f88-8552-9762a0fff763.gz,30,172800,1.0,-4800.62572354644,2124-03-20T20:48:21.795324+00:00,True,True,True,239.808,False,,,,,,,,,,,,,,,,,,,,True,True,-4800.625611111302
603,SHCI_opt,2dde727e-a881-44fa-aabf-bba6248e4baf,,li_h_0,6d355019-13aa-41fc-a530-31d5f968ba22,92917287-d937-410c-bb70-c1f34224fab7,9c6f0876-5690-4391-a98c-0347d111257e,sftp://sftp.l3harris.com/gsee/small_molecules/fcidump.li_h_cc-pVDZ.9c6f0876-5690-4391-a98c-0347d111257e.gz,19,86400,1.0,-8.014358466118416,,False,False,False,,,,,,,,,,,,,,,,,,,,,,False,False,
612,SHCI_opt,2dde727e-a881-44fa-aabf-bba6248e4baf,11830fac-ac3a-444b-bfd8-43d82a999fd3,li_h_0,6d355019-13aa-41fc-a530-31d5f968ba22,13b4bdcc-1cef-419a-92b1-156febff71d4,c21d87dd-9338-4498-8ed6-95b0dacd75b1,sftp://sftp.l3harris.com/gsee/small_molecules/fcidump.li_h_cc-pVQZ.c21d87dd-9338-4498-8ed6-95b0dacd75b1.gz,85,86400,1.0,-8.023909093090127,,True,True,True,473.116,False,,,,,,,,,,,,,,,,,,,,True,True,-7.9789932674519575
621,SHCI_opt,2dde727e-a881-44fa-aabf-bba6248e4baf,11830fac-ac3a-444b-bfd8-43d82a999fd3,li_h_0,6d355019-13aa-41fc-a530-31d5f968ba22,d15db194-aa2d-4de9-8f86-fcffeb82f38b,02d12f52-ff42-4adf-99b9-acada93cb96b,sftp://sftp.l3harris.com/gsee/small_molecules/fcidump.li_h_cc-pVTZ.02d12f52-ff42-4adf-99b9-acada93cb96b.gz,44,86400,1.0,-8.022302449356395,,True,True,True,11.120999999999999,False,,,,,,,,,,,,,,,,,,,,True,True,-7.97370496186652
630,SHCI_opt,2dde727e-a881-44fa-aabf-bba6248e4baf,,li2_0,3301a356-21a9-472b-8021-f02f4d2c9eec,e7d3b8bd-ff6c-44f6-8a9e-b9b75396cee0,243670ee-2d2e-4d90-abc1-16938a04a80b,sftp://sftp.l3harris.com/gsee/small_molecules/fcidump.li2_cc-pVDZ.243670ee-2d2e-4d90-abc1-16938a04a80b.gz,28,86400,1.0,-14.90054725426568,,False,False,False,,,,,,,,,,,,,,,,,,,,,,False,False,
639,SHCI_opt,2dde727e-a881-44fa-aabf-bba6248e4baf,cc2e81a7-d514-4116-92d0-d2761e64d1a3,li2_0,3301a356-21a9-472b-8021-f02f4d2c9eec,aaa24a30-ade6-44a6-b6aa-51bf54c31eef,6224abe8-831e-4b52-b8d9-8ebac0a35c2b,sftp://sftp.l3harris.com/gsee/small_molecules/fcidump.li2_cc-pVQZ.6224abe8-831e-4b52-b8d9-8ebac0a35c2b.gz,110,86400,1.0,-14.903673820903151,,True,True,True,1282.224,False,,,,,,,,,,,,,,,,,,,,True,True,-14.905289827359612
648,SHCI_opt,2dde727e-a881-44fa-aabf-bba6248e4baf,cc2e81a7-d514-4116-92d0-d2761e64d1a3,li2_0,3301a356-21a9-472b-8021-f02f4d2c9eec,410cd417-988a-4f7f-99ad-93dda7eacdcb,26d2547c-96a4-400d-9528-9987ae6699b2,sftp://sftp.l3harris.com/gsee/small_molecules/fcidump.li2_cc-pVTZ.26d2547c-96a4-400d-9528-9987ae6699b2.gz,60,86400,1.0,-14.903161904021912,,True,True,True,64.243,False,,,,,,,,,,,,,,,,,,,,True,True,-14.897613114223022
657,SHCI_opt,2dde727e-a881-44fa-aabf-bba6248e4baf,44c0fee2-95b4-4dd5-90a9-3ea06d6cf7fb,h_f_0,892e3341-7186-44c6-9a1a-20f270ddc8b8,b59bd259-4941-4cec-bca5-e2795c35d8e0,b93a2eeb-79c3-4f98-8919-f5e0aaedcea7,sftp://sftp.l3harris.com/gsee/small_molecules/fcidump.h_f_cc-pVDZ.b93a2eeb-79c3-4f98-8919-f5e0aaedcea7.gz,19,86400,1.0,-100.2286401848582,,True,True,True,20.169,False,,,,,,,,,,,,,,,,,,,,True,True,-100.07742690106795
666,SHCI_opt,2dde727e-a881-44fa-aabf-bba6248e4baf,,h_f_0,892e3341-7186-44c6-9a1a-20f270ddc8b8,9e3c577f-a25d-42f5-a809-61dfb63a52de,ff2ff7dd-2eb8-4565-a59e-76a47db07fbc,sftp://sftp.l3harris.com/gsee/small_molecules/fcidump.h_f_cc-pVQZ.ff2ff7dd-2eb8-4565-a59e-76a47db07fbc.gz,85,86400,1.0,-100.37341675527789,,False,False,False,,,,,,,,,,,,,,,,,,,,,,False,False,
675,SHCI_opt,2dde727e-a881-44fa-aabf-bba6248e4baf,44c0fee2-95b4-4dd5-90a9-3ea06d6cf7fb,h_f_0,892e3341-7186-44c6-9a1a-20f270ddc8b8,daa86ad6-bda9-4d47-a50d-4ec34801bd82,819ffa8e-51ee-4e78-aa07-17686d7a9488,sftp://sftp.l3harris.com/gsee/small_molecules/fcidump.h_f_cc-pVTZ.819ffa8e-51ee-4e78-aa07-17686d7a9488.gz,44,86400,1.0,-100.33860747196128,,True,True,True,601.17,False,,,,,,,,,,,,,,,,,,,,True,True,-100.18910344914426
684,SHCI_opt,2dde727e-a881-44fa-aabf-bba6248e4baf,,Fe_0,05abb33d-ecea-406f-8832-31a814b26dfd,5b8f4746-a08b-4ec5-92e2-ce55cc2fdb75,133ec573-3d06-4582-b2f5-8afe8be8dbe3,sftp://sftp.l3harris.com/gsee/small_molecules/fcidump.Fe0_vdz.133ec573-3d06-4582-b2f5-8afe8be8dbe3.gz,54,86400,1.0,-123.51812,,False,False,False,,,,,,,,,,,,,,,,,,,,,,False,False,
693,SHCI_opt,2dde727e-a881-44fa-aabf-bba6248e4baf,,Fe_0,05abb33d-ecea-406f-8832-31a814b26dfd,c63f5f9b-ee73-4887-949b-dd1e74c31874,cb274492-6acb-4426-a4f6-8cb4a8cef3c5,sftp://sftp.l3harris.com/gsee/small_molecules/fcidump.Fe0_vtz.cb274492-6acb-4426-a4f6-8cb4a8cef3c5.gz,88,86400,1.0,-123.6572,,False,False,False,,,,,,,,,,,,,,,,,,,,,,False,False,
702,SHCI_opt,2dde727e-a881-44fa-aabf-bba6248e4baf,,planted_solution_0010,bf3fb654-72c7-4fd4-bfd1-9ffef5aaebd8,7cc1ed5c-0dcb-4315-9e51-2ae94b5cdd02,eea867d0-285e-462d-94ab-15579c782be7,sftp://sftp.l3harris.com/gsee/planted_solutions/fcidump.planted_solution_0010.eea867d0-285e-462d-94ab-15579c782be7.gz,30,86400,1.0,-534.4214123703147,,False,False,False,,,,,,,,,,,,,,,,,,,,,,False,False,
711,SHCI_opt,2dde727e-a881-44fa-aabf-bba6248e4baf,,ru_macho,b78a10f2-ce8a-43c0-69ec-4cf666d8e85c,4357d5bb-ed2b-466a-947b-e868afb81d3d,1dc29784-ab7f-45a1-9821-31fea4363d74,sftp://sftp.l3harris.com/gsee/fcidump.2_co2_0.2_old.1dc29784-ab7f-45a1-9821-31fea4363d74.gz,6,172800,1.0,-187.721413991188,2124-03-20T20:48:21.795324+00:00,False,False,False,,,,,,,,,,,,,,,,,,,,,,False,False,
720,SHCI_opt,2dde727e-a881-44fa-aabf-bba6248e4baf,,ru_macho,b78a10f2-ce8a-43c0-69ec-4cf666d8e85c,b164af91-a758-445c-8e78-610ffd2ad795,5dbed2ac-f9a4-4afe-9b18-f67378a51fb2,sftp://sftp.l3harris.com/gsee/fcidump.7_melact_0.2_old.5dbed2ac-f9a4-4afe-9b18-f67378a51fb2.gz,9,172800,1.0,-380.9018801594908,2124-03-20T20:48:21.795324+00:00,False,False,False,,,,,,,,,,,,,,,,,,,,,,False,False,
729,SHCI_opt,2dde727e-a881-44fa-aabf-bba6248e4baf,,ru_macho,b78a10f2-ce8a-43c0-69ec-4cf666d8e85c,28bd4997-c04c-4914-9984-0101713041fe,587f69a8-4295-4d6d-811e-0eacfbc5f6dd,sftp://sftp.l3harris.com/gsee/fcidump.8_melact_0.2_old.587f69a8-4295-4d6d-811e-0eacfbc5f6dd.gz,14,172800,1.0,-380.8881748288609,2124-03-20T20:48:21.795324+00:00,False,False,False,,,,,,,,,,,,,,,,,,,,,,False,False,
738,SHCI_opt,2dde727e-a881-44fa-aabf-bba6248e4baf,,ru_macho,b78a10f2-ce8a-43c0-69ec-4cf666d8e85c,dcf2b441-b297-4a89-ae18-5778ec2d674d,46aea10c-d57f-4133-9837-3c57d474d9a2,sftp://sftp.l3harris.com/gsee/fcidump.0_ru_macho_noncan_0.2_new.46aea10c-d57f-4133-9837-3c57d474d9a2.gz,12,172800,1.0,-2021.175594529969,2124-03-20T20:48:21.795324+00:00,False,False,False,,,,,,,,,,,,,,,,,,,,,,False,False,
747,SHCI_opt,2dde727e-a881-44fa-aabf-bba6248e4baf,53a7cc17-ef7b-4d66-8f6e-1ffeddfba583,ru_macho,b78a10f2-ce8a-43c0-69ec-4cf666d8e85c,6346b7fe-a4a5-4b10-a79b-706d4339923e,496aaf89-2cdf-43cf-8b25-246e915cc8b5,sftp://sftp.l3harris.com/gsee/fcidump.1_ru_macho_noncan_0.2_new.496aaf89-2cdf-43cf-8b25-246e915cc8b5.gz,33,172800,1.0,-2021.356651702967,2124-03-20T20:48:21.795324+00:00,True,True,True,357.68899999999996,False,,,,,,,,,,,,,,,,,,,,True,True,-2021.356382591519
756,SHCI_opt,2dde727e-a881-44fa-aabf-bba6248e4baf,53a7cc17-ef7b-4d66-8f6e-1ffeddfba583,ru_macho,b78a10f2-ce8a-43c0-69ec-4cf666d8e85c,68db6781-dd54-43c4-b667-7b754c4d5cdb,0d7e4a74-fd11-46e3-ba22-044a7ebc54c7,sftp://sftp.l3harris.com/gsee/fcidump.3_ts_ru_macho_co2_noncan_0.2_new.0d7e4a74-fd11-46e3-ba22-044a7ebc54c7.gz,23,172800,1.0,-2208.990491372022,2124-03-20T20:48:21.795324+00:00,True,True,True,29.71,False,,,,,,,,,,,,,,,,,,,,True,True,-2208.990448900479
765,SHCI_opt,2dde727e-a881-44fa-aabf-bba6248e4baf,,ru_macho,b78a10f2-ce8a-43c0-69ec-4cf666d8e85c,d3ecd428-ee03-4d8b-aa14-af4d935781ed,e5e63f77-dbaa-431c-a53f-93c0f4c0758d,sftp://sftp.l3harris.com/gsee/fcidump.4_ts_ru_macho_co2_noncan_0.2_new.e5e63f77-dbaa-431c-a53f-93c0f4c0758d.gz,45,172800,1.0,-2209.163580420163,2124-03-20T20:48:21.795324+00:00,False,False,False,,,,,,,,,,,,,,,,,,,,,,False,False,
774,SHCI_opt,2dde727e-a881-44fa-aabf-bba6248e4baf,53a7cc17-ef7b-4d66-8f6e-1ffeddfba583,ru_macho,b78a10f2-ce8a-43c0-69ec-4cf666d8e85c,89253c8f-0f01-4046-a138-1bada22f0a6a,d7bea809-6e34-49f8-8daf-8d728dd18268,sftp://sftp.l3harris.com/gsee/fcidump.5_ts_ru_macho_melact_noncan_0.2_new.d7bea809-6e34-49f8-8daf-8d728dd18268.gz,21,172800,1.0,-2402.040506564869,2124-03-20T20:48:21.795324+00:00,True,True,True,30.649,False,,,,,,,,,,,,,,,,,,,,True,True,-2402.040541822412
783,SHCI_opt,2dde727e-a881-44fa-aabf-bba6248e4baf,53a7cc17-ef7b-4d66-8f6e-1ffeddfba583,ru_macho,b78a10f2-ce8a-43c0-69ec-4cf666d8e85c,842d2152-2f91-4dce-b088-7ed26afb2381,73ae455f-a729-4fac-a626-5654b03c1ef5,sftp://sftp.l3harris.com/gsee/fcidump.6_ts_ru_macho_melact_noncan_0.2_new.73ae455f-a729-4fac-a626-5654b03c1ef5.gz,42,172800,1.0,-2402.219494504201,2124-03-20T20:48:21.795324+00:00,True,True,True,1410.0169999999998,False,,,,,,,,,,,,,,,,,,,,True,True,-2402.2197448093143
792,SHCI_opt,2dde727e-a881-44fa-aabf-bba6248e4baf,6c0cfb97-f02f-41d0-b2e8-448c2a9e45f5,Cu_1,d5c7ab73-dfc1-499e-9027-601476004107,5f5fee92-5821-4d38-a54a-d204660f205f,6facf2d4-6cb3-49b6-8b66-3bd21c1461ec,sftp://sftp.l3harris.com/gsee/small_molecules/fcidump.Cu1_vdz.6facf2d4-6cb3-49b6-8b66-3bd21c1461ec.gz,54,86400,1.0,-196.96723,,True,True,True,10377.657,False,,,,,,,,,,,,,,,,,,,,True,True,-196.9672293247476
801,SHCI_opt,2dde727e-a881-44fa-aabf-bba6248e4baf,6c0cfb97-f02f-41d0-b2e8-448c2a9e45f5,Cu_1,d5c7ab73-dfc1-499e-9027-601476004107,1c7f5399-8982-4daf-81a5-7cef4e4588cc,68952c71-d281-40fa-bcd2-cb0352f70a89,sftp://sftp.l3harris.com/gsee/small_molecules/fcidump.Cu1_vtz.68952c71-d281-40fa-bcd2-cb0352f70a89.gz,88,86400,1.0,-197.16304,,True,True,True,5508.048999999999,False,,,,,,,,,,,,,,,,,,,,True,True,-197.16315994746793
810,SHCI_opt,2dde727e-a881-44fa-aabf-bba6248e4baf,931fa161-2314-4ff5-8f38-9a4e9297990c,n_h3_0,127cfea5-8a7d-45a0-9012-949816a0b8d9,77c3a92c-066c-4043-a4a1-5e8324014d0b,9820e181-088a-4b00-8a14-8cafb952ccdd,sftp://sftp.l3harris.com/gsee/small_molecules/fcidump.n_h3_cc-pVDZ.9820e181-088a-4b00-8a14-8cafb952ccdd.gz,29,86400,1.0,-56.40247687620448,,True,True,True,222.96,False,,,,,,,,,,,,,,,,,,,,True,True,-56.049235870165475
819,SHCI_opt,2dde727e-a881-44fa-aabf-bba6248e4baf,931fa161-2314-4ff5-8f38-9a4e9297990c,n_h3_0,127cfea5-8a7d-45a0-9012-949816a0b8d9,1094e868-f84e-403b-9b54-50802b1cdb60,3b423f54-aa64-4331-a59b-d6c37de1fbb6,sftp://sftp.l3harris.com/gsee/small_molecules/fcidump.n_h3_cc-pVTZ.3b423f54-aa64-4331-a59b-d6c37de1fbb6.gz,72,86400,1.0,-56.47363394407086,,True,True,True,6666.918000000001,False,,,,,,,,,,,,,,,,,,,,True,True,-56.106561198185254
828,SHCI_opt,2dde727e-a881-44fa-aabf-bba6248e4baf,,planted_solution_0006,42958a3e-8b35-4992-acd8-6711848066c1,d28f02ba-d43f-4df9-a01a-f1e8ac326e08,a4b9a6bd-4479-44b2-b172-642f74396781,sftp://sftp.l3harris.com/gsee/planted_solutions/fcidump.planted_solution_0006.a4b9a6bd-4479-44b2-b172-642f74396781.gz,14,86400,1.0,-113.97424557507351,,False,False,False,,,,,,,,,,,,,,,,,,,,,,False,False,
837,SHCI_opt,2dde727e-a881-44fa-aabf-bba6248e4baf,39d3202e-d774-4bbb-a447-65226ec51a5d,n2_h4_0,f1a6b508-75e8-4afb-9c81-fc61af11b523,828c931b-4d5a-486e-ba26-abb293c1ccef,aba33661-3ce8-4f28-824f-e98244906d94,sftp://sftp.l3harris.com/gsee/small_molecules/fcidump.n2_h4_cc-pVDZ.aba33661-3ce8-4f28-824f-e98244906d94.gz,48,86400,1.0,-111.5710695308248,,True,True,True,8649.079,False,,,,,,,,,,,,,,,,,,,,True,True,-111.04640332059418
846,SHCI_opt,2dde727e-a881-44fa-aabf-bba6248e4baf,eb9a9b2e-a7ab-4b1c-b368-2836b59c97cb,c2_h4_0,9fbd9b4c-5ea9-4095-af7b-7d4491399e42,26423f2e-e3e1-4bbb-b2ff-52bdae87d65b,40035d66-75b8-4b6e-95e5-8b1a3ff1a61d,sftp://sftp.l3harris.com/gsee/small_molecules/fcidump.c2_h4_cc-pVDZ.40035d66-75b8-4b6e-95e5-8b1a3ff1a61d.gz,48,86400,1.0,-78.35588036909999,,True,True,True,22349.804,False,,,,,,,,,,,,,,,,,,,,True,True,-77.63253331087166
855,SHCI_opt,2dde727e-a881-44fa-aabf-bba6248e4baf,eb9a9b2e-a7ab-4b1c-b368-2836b59c97cb,c2_h4_0,9fbd9b4c-5ea9-4095-af7b-7d4491399e42,9757b7c2-d420-4ebb-8da7-38238951a5ca,4bd40563-25e1-4334-bf15-3ccd36c05ab2,sftp://sftp.l3harris.com/gsee/small_molecules/fcidump.c2_h4_cc-pVTZ.4bd40563-25e1-4334-bf15-3ccd36c05ab2.gz,116,86400,1.0,-78.4398389278,,True,True,True,14686.329,False,,,,,,,,,,,,,,,,,,,,True,True,-77.70463760605617
864,SHCI_opt,2dde727e-a881-44fa-aabf-bba6248e4baf,4ce69e24-a865-4eef-914b-7ccd638b7484,O_1,d712afaf-6ec4-42d9-b5fd-1edee3ec1046,752966e5-7de7-4506-82ae-6b22cd54b1c1,0767fb16-25bd-4f1c-b134-6b536191b36e,sftp://sftp.l3harris.com/gsee/small_molecules/fcidump.O1_vdz.0767fb16-25bd-4f1c-b134-6b536191b36e.gz,22,86400,1.0,-15.300670000000002,,True,True,True,7.348,False,,,,,,,,,,,,,,,,,,,,True,True,-15.300666871676707
873,SHCI_opt,2dde727e-a881-44fa-aabf-bba6248e4baf,4ce69e24-a865-4eef-914b-7ccd638b7484,O_1,d712afaf-6ec4-42d9-b5fd-1edee3ec1046,64122cc6-e1bb-4c11-8d00-2189d27194f1,3b587c2c-9579-4c7b-8b3f-e00c69c42981,sftp://sftp.l3harris.com/gsee/small_molecules/fcidump.O1_vqz.3b587c2c-9579-4c7b-8b3f-e00c69c42981.gz,79,86400,1.0,-15.3421,,True,True,True,404.92199999999997,False,,,,,,,,,,,,,,,,,,,,True,True,-15.342102024230694
882,SHCI_opt,2dde727e-a881-44fa-aabf-bba6248e4baf,,O_1,d712afaf-6ec4-42d9-b5fd-1edee3ec1046,f9bdbb3b-91b6-43f3-93ca-bef1e10d3835,ee1c9912-bca9-42fa-a90d-421e9a26c785,sftp://sftp.l3harris.com/gsee/small_molecules/fcidump.O1_vtz.ee1c9912-bca9-42fa-a90d-421e9a26c785.gz,45,86400,1.0,-15.33358,,False,False,False,,,,,,,,,,,,,,,,,,,,,,False,False,
891,SHCI_opt,2dde727e-a881-44fa-aabf-bba6248e4baf,b9cc145d-f66b-47f9-9033-b123d6dc8a03,cr_dimer,8ed1a800-a4c6-4bff-a6de-cb220554c42f,9030e9c9-0323-413c-a98e-aba16b180ba7,3092dd74-660d-4c7a-9d43-16d1436e084b,sftp://sftp.l3harris.com/gsee/FCIDUMP_d_1.68_b_sto-3g_ne_12.3092dd74-660d-4c7a-9d43-16d1436e084b.gz,18,172800,1.0,,,True,True,False,5412.147,False,,,,,,,,,,,,,,,,,,,,True,False,-114.40511369961568
900,SHCI_opt,2dde727e-a881-44fa-aabf-bba6248e4baf,b9cc145d-f66b-47f9-9033-b123d6dc8a03,cr_dimer,8ed1a800-a4c6-4bff-a6de-cb220554c42f,c7c653b0-4440-4a36-a66b-8b81a9a351c7,96843098-e69d-4d1f-8a88-5b24826f7390,sftp://sftp.l3harris.com/gsee/FCIDUMP_d_1.68_b_sto-3g_ne_28.96843098-e69d-4d1f-8a88-5b24826f7390.gz,26,172800,1.0,,,True,True,False,30531.453999999998,False,,,,,,,,,,,,,,,,,,,,True,False,-466.3187536099207
909,SHCI_opt,2dde727e-a881-44fa-aabf-bba6248e4baf,,cr_dimer,8ed1a800-a4c6-4bff-a6de-cb220554c42f,82f35801-6276-4090-a9aa-b821d94708d4,673dfe91-d90e-4ecd-8560-d6d74de11070,sftp://sftp.l3harris.com/gsee/FCIDUMP_d_1.68_b_cc-pvdz-dk_ne_12.673dfe91-d90e-4ecd-8560-d6d74de11070.gz,68,172800,1.0,,,False,False,False,,,,,,,,,,,,,,,,,,,,,,False,False,
918,SHCI_opt,2dde727e-a881-44fa-aabf-bba6248e4baf,,cr_dimer,8ed1a800-a4c6-4bff-a6de-cb220554c42f,362386c9-f0c2-483e-a64d-52208ab9bbc1,4412b7d6-86db-4616-9dd2-2c32ee02560f,sftp://sftp.l3harris.com/gsee/FCIDUMP_d_1.68_b_cc-pvdz-dk_ne_28.4412b7d6-86db-4616-9dd2-2c32ee02560f.gz,76,172800,1.0,,,False,False,False,,,,,,,,,,,,,,,,,,,,,,False,False,
927,SHCI_opt,2dde727e-a881-44fa-aabf-bba6248e4baf,b9cc145d-f66b-47f9-9033-b123d6dc8a03,cr_dimer,8ed1a800-a4c6-4bff-a6de-cb220554c42f,61ad4cfe-b057-4dd8-bd06-ed56347745c1,cdf017c4-7c30-4274-9567-f5e55a6ba857,sftp://sftp.l3harris.com/gsee/FCIDUMP_d_2.0_b_sto-3g_ne_12.cdf017c4-7c30-4274-9567-f5e55a6ba857.gz,18,172800,1.0,,,True,True,False,16345.716,False,,,,,,,,,,,,,,,,,,,,True,False,-129.3606447889815
936,SHCI_opt,2dde727e-a881-44fa-aabf-bba6248e4baf,,cr_dimer,8ed1a800-a4c6-4bff-a6de-cb220554c42f,fc25a232-d249-4e1c-a9ec-360cab33f779,d9341cde-90e8-4d1e-beb2-4e40246d31ce,sftp://sftp.l3harris.com/gsee/FCIDUMP_d_2.0_b_sto-3g_ne_28.d9341cde-90e8-4d1e-beb2-4e40246d31ce.gz,26,172800,1.0,-470.7185128567409,,False,False,False,,,,,,,,,,,,,,,,,,,,,,False,False,
945,SHCI_opt,2dde727e-a881-44fa-aabf-bba6248e4baf,,cr_dimer,8ed1a800-a4c6-4bff-a6de-cb220554c42f,b99ec02f-b46a-43fe-8a87-1b3286e072d8,5439a548-153b-4990-be12-f0e33c30fe63,sftp://sftp.l3harris.com/gsee/FCIDUMP_d_2.0_b_cc-pvdz-dk_ne_12.5439a548-153b-4990-be12-f0e33c30fe63.gz,68,172800,1.0,,,False,False,False,,,,,,,,,,,,,,,,,,,,,,False,False,
954,SHCI_opt,2dde727e-a881-44fa-aabf-bba6248e4baf,,cr_dimer,8ed1a800-a4c6-4bff-a6de-cb220554c42f,8874bf11-f594-41df-b8a0-d2a7441904a1,e2995852-9911-4021-a82f-5b14ddb2d5c8,sftp://sftp.l3harris.com/gsee/FCIDUMP_d_2.0_b_cc-pvdz-dk_ne_28.e2995852-9911-4021-a82f-5b14ddb2d5c8.gz,76,172800,1.0,,,False,False,False,,,,,,,,,,,,,,,,,,,,,,False,False,
963,SHCI_opt,2dde727e-a881-44fa-aabf-bba6248e4baf,,cr_dimer,8ed1a800-a4c6-4bff-a6de-cb220554c42f,202e6184-1e7d-4c02-a82a-f588b6abf809,67acc90d-1a9e-49a7-98a1-8ca643dca272,sftp://sftp.l3harris.com/gsee/FCIDUMP_d_3.0_b_sto-3g_ne_12.67acc90d-1a9e-49a7-98a1-8ca643dca272.gz,18,172800,1.0,-156.7739602011705,,False,False,False,,,,,,,,,,,,,,,,,,,,,,False,False,
972,SHCI_opt,2dde727e-a881-44fa-aabf-bba6248e4baf,,cr_dimer,8ed1a800-a4c6-4bff-a6de-cb220554c42f,7c8f0a36-cda5-4b33-bb46-4e58a15b37a1,01d526fb-276e-4369-85d4-66a553a1d02e,sftp://sftp.l3harris.com/gsee/FCIDUMP_d_3.0_b_sto-3g_ne_28.01d526fb-276e-4369-85d4-66a553a1d02e.gz,26,172800,1.0,,,False,False,False,,,,,,,,,,,,,,,,,,,,,,False,False,
981,SHCI_opt,2dde727e-a881-44fa-aabf-bba6248e4baf,,cr_dimer,8ed1a800-a4c6-4bff-a6de-cb220554c42f,cbab5937-5e2f-4f3f-819e-ede8b66d7238,b0eb2de4-1286-4cfb-8724-e5e4bfc7a4f4,sftp://sftp.l3harris.com/gsee/FCIDUMP_d_3.0_b_cc-pvdz-dk_ne_12.b0eb2de4-1286-4cfb-8724-e5e4bfc7a4f4.gz,68,172800,1.0,,,False,False,False,,,,,,,,,,,,,,,,,,,,,,False,False,
990,SHCI_opt,2dde727e-a881-44fa-aabf-bba6248e4baf,,cr_dimer,8ed1a800-a4c6-4bff-a6de-cb220554c42f,c28e09e1-5983-42f7-9ecb-b271438ebcc8,2101e6fa-9fb3-4697-98be-25a4e0de2079,sftp://sftp.l3harris.com/gsee/FCIDUMP_d_3.0_b_cc-pvdz-dk_ne_28.2101e6fa-9fb3-4697-98be-25a4e0de2079.gz,76,172800,1.0,,,False,False,False,,,,,,,,,,,,,,,,,,,,,,False,False,
999,SHCI_opt,2dde727e-a881-44fa-aabf-bba6248e4baf,,be_0,19cada59-64cc-466c-8809-782a4f574dcc,3fb92ecd-bcbc-43dd-9f29-aa56ea646b75,cc2b3628-dc13-4a95-8765-37211a995068,sftp://sftp.l3harris.com/gsee/small_molecules/fcidump.be_cc-pVDZ.cc2b3628-dc13-4a95-8765-37211a995068.gz,14,86400,1.0,-14.616842593115484,,False,False,False,,,,,,,,,,,,,,,,,,,,,,False,False,
1008,SHCI_opt,2dde727e-a881-44fa-aabf-bba6248e4baf,,be_0,19cada59-64cc-466c-8809-782a4f574dcc,afdc2f74-eb52-41ae-b72a-30e5a4c07013,f9afcdc1-ce5c-40dd-ae18-0afc933da5bb,sftp://sftp.l3harris.com/gsee/small_molecules/fcidump.be_cc-pVQZ.f9afcdc1-ce5c-40dd-ae18-0afc933da5bb.gz,55,86400,1.0,-14.618950731321249,,False,False,False,,,,,,,,,,,,,,,,,,,,,,False,False,
1017,SHCI_opt,2dde727e-a881-44fa-aabf-bba6248e4baf,,be_0,19cada59-64cc-466c-8809-782a4f574dcc,543e2ed4-a12d-495b-a246-1e4d905ad4a3,fdc83bd0-c9bd-47da-abee-99b743b36494,sftp://sftp.l3harris.com/gsee/small_molecules/fcidump.be_cc-pVTZ.fdc83bd0-c9bd-47da-abee-99b743b36494.gz,30,86400,1.0,-14.61842701186015,,False,False,False,,,,,,,,,,,,,,,,,,,,,,False,False,
1026,SHCI_opt,2dde727e-a881-44fa-aabf-bba6248e4baf,9d507019-9c26-49b2-aac1-086d01cd3e3e,f2_0,e3e78b41-577d-4536-a63f-7e968eeb6493,94fc2317-29af-43a1-aaec-dade9850ca27,ac269a87-2bc4-458e-8f4a-64f524c77044,sftp://sftp.l3harris.com/gsee/small_molecules/fcidump.f2_cc-pVDZ.ac269a87-2bc4-458e-8f4a-64f524c77044.gz,28,86400,1.0,-199.0993683699105,,True,True,True,1365.681,False,,,,,,,,,,,,,,,,,,,,True,True,-199.06017906963055
1035,SHCI_opt,2dde727e-a881-44fa-aabf-bba6248e4baf,9d507019-9c26-49b2-aac1-086d01cd3e3e,f2_0,e3e78b41-577d-4536-a63f-7e968eeb6493,fa8e83f2-cec5-4609-9b77-d713608a6b53,29d645f8-ce30-4e18-9f41-644ac5f9d922,sftp://sftp.l3harris.com/gsee/small_molecules/fcidump.f2_cc-pVQZ.29d645f8-ce30-4e18-9f41-644ac5f9d922.gz,110,86400,1.0,-199.3605311277988,,True,True,True,12910.716,False,,,,,,,,,,,,,,,,,,,,True,True,-199.36454723835575
1044,SHCI_opt,2dde727e-a881-44fa-aabf-bba6248e4baf,9d507019-9c26-49b2-aac1-086d01cd3e3e,f2_0,e3e78b41-577d-4536-a63f-7e968eeb6493,3fb371ad-c738-40ae-b9ae-80e5bce8f2ac,3c3967d4-17c1-4947-9465-b9223b01e694,sftp://sftp.l3harris.com/gsee/small_molecules/fcidump.f2_cc-pVTZ.3c3967d4-17c1-4947-9465-b9223b01e694.gz,60,86400,1.0,-199.2976230688276,,True,True,True,38658.417,False,,,,,,,,,,,,,,,,,,,,True,True,-199.2658737029042
1053,SHCI_opt,2dde727e-a881-44fa-aabf-bba6248e4baf,b369c97b-d029-4ba6-bea4-b3046fb0e93f,n2_0,9bd9cde6-6daa-441a-984e-ae1c1c051e91,b9c35349-927d-47d5-8e0c-e054bbf4e4e0,60c52c22-d27a-4544-8b9c-6022507611f9,sftp://sftp.l3harris.com/gsee/small_molecules/fcidump.n2_cc-pVDZ.60c52c22-d27a-4544-8b9c-6022507611f9.gz,28,86400,1.0,-109.27696624442844,,True,True,True,925.102,False,,,,,,,,,,,,,,,,,,,,True,True,-108.97834150976958
1062,SHCI_opt,2dde727e-a881-44fa-aabf-bba6248e4baf,,n2_0,9bd9cde6-6daa-441a-984e-ae1c1c051e91,9eed79e4-b195-4474-b280-fe9166a7a241,e84ef191-bfe0-4859-96b9-0613cad743d4,sftp://sftp.l3harris.com/gsee/small_molecules/fcidump.n2_cc-pVQZ.e84ef191-bfe0-4859-96b9-0613cad743d4.gz,110,86400,1.0,-109.40582662890183,,False,False,False,,,,,,,,,,,,,,,,,,,,,,False,False,
1071,SHCI_opt,2dde727e-a881-44fa-aabf-bba6248e4baf,b369c97b-d029-4ba6-bea4-b3046fb0e93f,n2_0,9bd9cde6-6daa-441a-984e-ae1c1c051e91,666185aa-b65d-4f73-8846-ae9693388d9d,48512c28-04a3-4e3b-b6b2-3e4b654c1887,sftp://sftp.l3harris.com/gsee/small_molecules/fcidump.n2_cc-pVTZ.48512c28-04a3-4e3b-b6b2-3e4b654c1887.gz,60,86400,1.0,-109.37529859279891,,True,True,True,6679.533,False,,,,,,,,,,,,,,,,,,,,True,True,-109.07266211786673
1080,SHCI_opt,2dde727e-a881-44fa-aabf-bba6248e4baf,33b910bc-3dba-4518-9e37-9204370406a5,fe_red,a8895776-3583-4884-fbc7-d6f9df21a7ac,4970c526-817f-4c04-8d7e-797526d5948d,79e71b3e-6364-4972-b4b3-07841fa8ba97,sftp://sftp.l3harris.com/gsee/fcidump.50_6acme_0.2_old.79e71b3e-6364-4972-b4b3-07841fa8ba97.gz,45,172800,1.0,-2592.687414514583,2124-03-20T20:48:21.795324+00:00,True,True,True,721.171,False,,,,,,,,,,,,,,,,,,,,True,True,-2592.6868105752937
1089,SHCI_opt,2dde727e-a881-44fa-aabf-bba6248e4baf,,fe_red,a8895776-3583-4884-fbc7-d6f9df21a7ac,d27fb590-4e90-4d5a-bdb8-37fbf22f528b,e8f72c80-2fde-4bdc-ac1e-07220942f1c2,sftp://sftp.l3harris.com/gsee/fcidump.51_6acme_0.2_old.e8f72c80-2fde-4bdc-ac1e-07220942f1c2.gz,53,172800,1.0,-2592.816535546089,2124-03-20T20:48:21.795324+00:00,False,False,False,,,,,,,,,,,,,,,,,,,,,,False,False,
1098,SHCI_opt,2dde727e-a881-44fa-aabf-bba6248e4baf,33b910bc-3dba-4518-9e37-9204370406a5,fe_red,a8895776-3583-4884-fbc7-d6f9df21a7ac,a7cd2501-2f67-4fcd-b428-f6620f3596fe,4854c3ff-b3ce-462b-ab8e-0b132cd880d0,sftp://sftp.l3harris.com/gsee/fcidump.52_6acme_0.2_old.4854c3ff-b3ce-462b-ab8e-0b132cd880d0.gz,58,172800,1.0,-2592.878328984242,2124-03-20T20:48:21.795324+00:00,True,True,True,6329.443,False,,,,,,,,,,,,,,,,,,,,True,True,-2592.8810687563364
1107,SHCI_opt,2dde727e-a881-44fa-aabf-bba6248e4baf,33b910bc-3dba-4518-9e37-9204370406a5,fe_red,a8895776-3583-4884-fbc7-d6f9df21a7ac,d3bcc63c-57ad-4346-8290-e36447186440,379a0693-4ac3-4ff0-be33-7be3f6cad84f,sftp://sftp.l3harris.com/gsee/fcidump.53_ts56_0.2_old.379a0693-4ac3-4ff0-be33-7be3f6cad84f.gz,44,172800,1.0,-2592.707486407847,2124-03-20T20:48:21.795324+00:00,True,True,True,1148.012,False,,,,,,,,,,,,,,,,,,,,True,True,-2592.7062814149776
1116,SHCI_opt,2dde727e-a881-44fa-aabf-bba6248e4baf,33b910bc-3dba-4518-9e37-9204370406a5,fe_red,a8895776-3583-4884-fbc7-d6f9df21a7ac,41907f9f-923d-49e3-80a9-519962110ae7,22ab7092-61bb-401f-ac43-912ec10ea48b,sftp://sftp.l3harris.com/gsee/fcidump.54_ts56_0.2_old.22ab7092-61bb-401f-ac43-912ec10ea48b.gz,54,172800,1.0,-2592.825891046245,2124-03-20T20:48:21.795324+00:00,True,True,True,5910.903,False,,,,,,,,,,,,,,,,,,,,True,True,-2592.8265248361267
1125,SHCI_opt,2dde727e-a881-44fa-aabf-bba6248e4baf,33b910bc-3dba-4518-9e37-9204370406a5,fe_red,a8895776-3583-4884-fbc7-d6f9df21a7ac,ad9ceeaf-d7be-46b7-95a9-15bfd33f5022,8a8780b0-a0ba-4b7e-9847-589302123e86,sftp://sftp.l3harris.com/gsee/fcidump.55_ts56_0.2_old.8a8780b0-a0ba-4b7e-9847-589302123e86.gz,55,172800,1.0,-2592.848378223888,2124-03-20T20:48:21.795324+00:00,True,True,True,4647.531,False,,,,,,,,,,,,,,,,,,,,True,True,-2592.848305590723
1134,SHCI_opt,2dde727e-a881-44fa-aabf-bba6248e4baf,,fe_red,a8895776-3583-4884-fbc7-d6f9df21a7ac,adecdd92-73c7-416d-90da-b7a3da7ed50b,e6671ea9-f0cf-413c-97cb-c8ab6eda9d5e,sftp://sftp.l3harris.com/gsee/fcidump.56_5_0.2_old.e6671ea9-f0cf-413c-97cb-c8ab6eda9d5e.gz,44,172800,1.0,-2592.788336147052,2124-03-20T20:48:21.795324+00:00,False,False,False,,,,,,,,,,,,,,,,,,,,,,False,False,
1143,SHCI_opt,2dde727e-a881-44fa-aabf-bba6248e4baf,,fe_red,a8895776-3583-4884-fbc7-d6f9df21a7ac,03c70feb-49b8-4113-831a-05e3ae55c66b,eb34bf5e-ecd6-4c2a-9eb6-d9bcb507e047,sftp://sftp.l3harris.com/gsee/fcidump.57_5_0.2_old.eb34bf5e-ecd6-4c2a-9eb6-d9bcb507e047.gz,54,172800,1.0,,2124-03-20T20:48:21.795324+00:00,False,False,False,,,,,,,,,,,,,,,,,,,,,,False,False,
1152,SHCI_opt,2dde727e-a881-44fa-aabf-bba6248e4baf,33b910bc-3dba-4518-9e37-9204370406a5,fe_red,a8895776-3583-4884-fbc7-d6f9df21a7ac,0e936335-6370-4587-92f0-02eafaf650ed,5f3178b5-0ad3-469a-ae08-e9ecdc637ed3,sftp://sftp.l3harris.com/gsee/fcidump.58_5_0.2_old.5f3178b5-0ad3-469a-ae08-e9ecdc637ed3.gz,55,172800,1.0,-2592.911124291167,2124-03-20T20:48:21.795324+00:00,True,True,True,4495.556,False,,,,,,,,,,,,,,,,,,,,True,True,-2592.9116163940507
1161,SHCI_opt,2dde727e-a881-44fa-aabf-bba6248e4baf,f031e8ac-218b-40c6-9005-9a7cdb4619bc,Fe_1,33c9a058-7a67-454c-856c-2519ba55b44d,a7e26b10-bd6b-457c-978e-9050f6529007,b57e3b82-2511-4c00-a850-f6aeba98b0b2,sftp://sftp.l3harris.com/gsee/small_molecules/fcidump.Fe1_vdz.b57e3b82-2511-4c00-a850-f6aeba98b0b2.gz,54,86400,1.0,-123.23354,,True,True,True,1390.3410000000001,False,,,,,,,,,,,,,,,,,,,,True,True,-123.23352615463398
1170,SHCI_opt,2dde727e-a881-44fa-aabf-bba6248e4baf,f031e8ac-218b-40c6-9005-9a7cdb4619bc,Fe_1,33c9a058-7a67-454c-856c-2519ba55b44d,6ab8d16c-b8f3-4780-b278-dad81646ca8c,b9615d62-11ee-49f7-8df4-df94466b2211,sftp://sftp.l3harris.com/gsee/small_molecules/fcidump.Fe1_vtz.b9615d62-11ee-49f7-8df4-df94466b2211.gz,88,86400,1.0,-123.36857,,True,True,True,8813.288,False,,,,,,,,,,,,,,,,,,,,True,True,-123.36858673182405
1179,SHCI_opt,2dde727e-a881-44fa-aabf-bba6248e4baf,d76e2d5f-6aaa-4457-a19e-fdfa72e86beb,ScO_0,7437abf0-1394-47ce-9218-d181f1732112,9fa4fc3a-b0b9-4eaa-99ee-0469ae5a511d,987498ce-5b91-4df6-924c-82d4841c17c2,sftp://sftp.l3harris.com/gsee/small_molecules/fcidump.ScO_vdz.987498ce-5b91-4df6-924c-82d4841c17c2.gz,76,86400,1.0,-62.42004,,True,True,True,9070.36,False,,,,,,,,,,,,,,,,,,,,True,True,-62.41994274821101
1188,SHCI_opt,2dde727e-a881-44fa-aabf-bba6248e4baf,,planted_solution_0003,a37c86c0-1937-4f05-83ab-08a5fd104b7e,472bbfb1-c081-4df6-b966-32ce1194ab8c,efddd28a-383d-4929-9335-22e54ba2ffbe,sftp://sftp.l3harris.com/gsee/planted_solutions/fcidump.planted_solution_0003.efddd28a-383d-4929-9335-22e54ba2ffbe.gz,31,86400,1.0,-581.5899149621558,,False,False,False,,,,,,,,,,,,,,,,,,,,,,False,False,
1197,SHCI_opt,2dde727e-a881-44fa-aabf-bba6248e4baf,1351a676-151d-4c7a-abed-13e44b487735,h_c_n_0,8846a90e-96cb-4bc3-ad06-5388212f728e,94db0c2c-89f6-4c3d-b886-a3a6a2bdad1d,8ab023ed-7cdf-49e6-87d9-369a13f2ac82,sftp://sftp.l3harris.com/gsee/small_molecules/fcidump.h_c_n_cc-pVDZ.8ab023ed-7cdf-49e6-87d9-369a13f2ac82.gz,33,86400,1.0,-93.18988417813952,,True,True,True,2235.546,False,,,,,,,,,,,,,,,,,,,,True,True,-92.76995295941387
1206,SHCI_opt,2dde727e-a881-44fa-aabf-bba6248e4baf,1351a676-151d-4c7a-abed-13e44b487735,h_c_n_0,8846a90e-96cb-4bc3-ad06-5388212f728e,c5ef4702-fc8d-4168-b594-8d5872fdb523,6fdfd37c-a5dc-4481-b08e-87dcfec8a4de,sftp://sftp.l3harris.com/gsee/small_molecules/fcidump.h_c_n_cc-pVTZ.6fdfd37c-a5dc-4481-b08e-87dcfec8a4de.gz,74,86400,1.0,-93.27651066009084,,True,True,True,14526.623,False,,,,,,,,,,,,,,,,,,,,True,True,-92.85037957512826
1215,SHCI_opt,2dde727e-a881-44fa-aabf-bba6248e4baf,269fdb72-e11f-4c11-bacb-acf04b2404ec,si_h4_0,13c7144d-047e-4431-8d02-0b1d14c0526b,2eaee11d-c1a0-4d2b-b29b-a38e658572f2,c37edb04-5163-4d5c-a54e-df5887f0d82e,sftp://sftp.l3harris.com/gsee/small_molecules/fcidump.si_h4_cc-pVDZ.c37edb04-5163-4d5c-a54e-df5887f0d82e.gz,38,86400,1.0,-291.39318323307475,,True,True,True,1283.176,False,,,,,,,,,,,,,,,,,,,,True,True,-290.9788810364197
1224,SHCI_opt,2dde727e-a881-44fa-aabf-bba6248e4baf,,si_h4_0,13c7144d-047e-4431-8d02-0b1d14c0526b,6ca72d49-425b-43f3-96e7-4067bacd0596,e709c0b6-d851-47d2-b72a-f4da8479a772,sftp://sftp.l3harris.com/gsee/small_molecules/fcidump.si_h4_cc-pVTZ.e709c0b6-d851-47d2-b72a-f4da8479a772.gz,90,86400,1.0,-291.4381516390395,,False,False,False,,,,,,,,,,,,,,,,,,,,,,False,False,
1233,SHCI_opt,2dde727e-a881-44fa-aabf-bba6248e4baf,,planted_solution_0009,8db449b1-265b-4a66-b965-a2b4833a88d1,8f373cb0-952d-48c6-a871-8a10e52e7c19,bbbbba1c-868c-45a5-b16c-0c17536e83d8,sftp://sftp.l3harris.com/gsee/planted_solutions/fcidump.planted_solution_0009.bbbbba1c-868c-45a5-b16c-0c17536e83d8.gz,69,86400,1.0,-1226.2946878335736,,False,False,False,,,,,,,,,,,,,,,,,,,,,,False,False,
1242,SHCI_opt,2dde727e-a881-44fa-aabf-bba6248e4baf,0839ba23-3c49-4ef7-9d1b-1d572764d486,Mn_1,11c8be98-d9c9-40ea-8d88-ea8c555028f6,9d82f7d4-165d-4499-8add-361a770d1d44,51fac1c9-e29a-4033-b3d3-9cc37f64b4d4,sftp://sftp.l3harris.com/gsee/small_molecules/fcidump.Mn1_vdz.51fac1c9-e29a-4033-b3d3-9cc37f64b4d4.gz,54,86400,1.0,-103.67336,,True,True,True,3962.978,False,,,,,,,,,,,,,,,,,,,,True,True,-103.67335869152635
1251,SHCI_opt,2dde727e-a881-44fa-aabf-bba6248e4baf,0839ba23-3c49-4ef7-9d1b-1d572764d486,Mn_1,11c8be98-d9c9-40ea-8d88-ea8c555028f6,29eecba9-3d4d-4672-8b19-475f53b2f1be,00c757c4-3c99-4521-82b1-3e3a12d49854,sftp://sftp.l3harris.com/gsee/small_molecules/fcidump.Mn1_vtz.00c757c4-3c99-4521-82b1-3e3a12d49854.gz,88,86400,1.0,-103.79214,,True,True,True,8686.164999999999,False,,,,,,,,,,,,,,,,,,,,True,True,-103.79214064015943
1260,SHCI_opt,2dde727e-a881-44fa-aabf-bba6248e4baf,feb21817-bfed-4be7-8689-7247a0c78feb,c_h3_cl_0,379781b8-5732-492e-9fca-6fad3fc3692a,0667179a-19eb-44b9-a544-dae8793fdc3f,80298b55-8915-462f-8f20-e4332c94ed41,sftp://sftp.l3harris.com/gsee/small_molecules/fcidump.c_h3_cl_cc-pVDZ.80298b55-8915-462f-8f20-e4332c94ed41.gz,47,86400,1.0,-499.44058655513015,,True,True,True,4649.004,False,,,,,,,,,,,,,,,,,,,,True,True,-498.9548817101634
1269,SHCI_opt,2dde727e-a881-44fa-aabf-bba6248e4baf,feb21817-bfed-4be7-8689-7247a0c78feb,c_h3_cl_0,379781b8-5732-492e-9fca-6fad3fc3692a,ae315bef-f3c6-4c84-93c5-0d8ab510ece3,a53ae008-4ad2-4736-9a57-cfc011e3aace,sftp://sftp.l3harris.com/gsee/small_molecules/fcidump.c_h3_cl_cc-pVTZ.a53ae008-4ad2-4736-9a57-cfc011e3aace.gz,106,86400,1.0,-499.56723973244254,,True,True,True,13187.33,False,,,,,,,,,,,,,,,,,,,,True,True,-499.093813640314
1278,SHCI_opt,2dde727e-a881-44fa-aabf-bba6248e4baf,76390a7d-071f-439e-826e-becdb82b58dc,p2_0,2e61ba35-b6b0-42b5-b3e8-d25bd83145ba,084acde0-d1c7-4721-aa45-acb4832e0998,7702bafa-2620-4d12-8ec6-e8c6246d385a,sftp://sftp.l3harris.com/gsee/small_molecules/fcidump.p2_cc-pVDZ.7702bafa-2620-4d12-8ec6-e8c6246d385a.gz,36,86400,1.0,-681.726295822357,,True,True,True,6090.014,False,,,,,,,,,,,,,,,,,,,,True,True,-681.5999902710608
1287,SHCI_opt,2dde727e-a881-44fa-aabf-bba6248e4baf,76390a7d-071f-439e-826e-becdb82b58dc,p2_0,2e61ba35-b6b0-42b5-b3e8-d25bd83145ba,e61df0de-0a97-4204-9fb9-3995c30d7999,334dbd9d-2c13-4c76-8479-e82280065a02,sftp://sftp.l3harris.com/gsee/small_molecules/fcidump.p2_cc-pVQZ.334dbd9d-2c13-4c76-8479-e82280065a02.gz,118,86400,1.0,-681.8350232850137,,True,True,True,20190.735999999997,False,,,,,,,,,,,,,,,,,,,,True,True,-681.7691222519138
1296,SHCI_opt,2dde727e-a881-44fa-aabf-bba6248e4baf,76390a7d-071f-439e-826e-becdb82b58dc,p2_0,2e61ba35-b6b0-42b5-b3e8-d25bd83145ba,23a06c81-be81-4f88-98ab-9e7030c909ef,1ffb78a3-162a-43a4-a64c-d1d8fb0bce24,sftp://sftp.l3harris.com/gsee/small_molecules/fcidump.p2_cc-pVTZ.1ffb78a3-162a-43a4-a64c-d1d8fb0bce24.gz,68,86400,1.0,-681.8099472542586,,True,True,True,32107.525999999998,False,,,,,,,,,,,,,,,,,,,,True,True,-681.7303695408448
1305,SHCI_opt,2dde727e-a881-44fa-aabf-bba6248e4baf,b2ac9c2f-3208-405e-aad0-adff5cb77e6d,si_o_0,68f1a091-8652-4095-ba31-56f0e02e27d3,88a6b9fd-e159-4059-9ee5-ba718fd624dc,ab244b36-ab52-4cce-b50a-2b04d8c548e7,sftp://sftp.l3harris.com/gsee/small_molecules/fcidump.si_o_cc-pVDZ.ab244b36-ab52-4cce-b50a-2b04d8c548e7.gz,32,86400,1.0,-364.0821787432279,,True,True,True,898.671,False,,,,,,,,,,,,,,,,,,,,True,True,-363.8665502535108
1314,SHCI_opt,2dde727e-a881-44fa-aabf-bba6248e4baf,b2ac9c2f-3208-405e-aad0-adff5cb77e6d,si_o_0,68f1a091-8652-4095-ba31-56f0e02e27d3,cca08104-f5f6-407f-9c62-faadc8f29bec,80214e7b-2e1f-440f-b9eb-ee9a16ed8398,sftp://sftp.l3harris.com/gsee/small_molecules/fcidump.si_o_cc-pVQZ.80214e7b-2e1f-440f-b9eb-ee9a16ed8398.gz,114,86400,1.0,-364.23054008377295,,True,True,True,12885.307999999999,False,,,,,,,,,,,,,,,,,,,,True,True,-364.04781399728256
1323,SHCI_opt,2dde727e-a881-44fa-aabf-bba6248e4baf,b2ac9c2f-3208-405e-aad0-adff5cb77e6d,si_o_0,68f1a091-8652-4095-ba31-56f0e02e27d3,8aa559b0-3aae-4850-a2d7-14e037ce26c0,1b1a93a4-a3cd-424f-87a2-c5a7ae5dbaf7,sftp://sftp.l3harris.com/gsee/small_molecules/fcidump.si_o_cc-pVTZ.1b1a93a4-a3cd-424f-87a2-c5a7ae5dbaf7.gz,64,86400,1.0,-364.19634823924537,,True,True,True,8074.142,False,,,,,,,,,,,,,,,,,,,,True,True,-364.01272593287257
1332,SHCI_opt,2dde727e-a881-44fa-aabf-bba6248e4baf,80b5a7d6-7d7b-45ba-b08a-eaf77543da6e,h2_o_0,9b8083ab-ea59-47db-894c-95a0d2ba3cb6,80d75334-b878-41ec-99a8-b21277f3df60,96954db2-ef3e-47fd-82f8-2ac3cbfd6c17,sftp://sftp.l3harris.com/gsee/small_molecules/fcidump.h2_o_cc-pVDZ.96954db2-ef3e-47fd-82f8-2ac3cbfd6c17.gz,24,86400,1.0,-76.24166946152931,,True,True,True,32.287,False,,,,,,,,,,,,,,,,,,,,True,True,-75.97669204500022
1341,SHCI_opt,2dde727e-a881-44fa-aabf-bba6248e4baf,80b5a7d6-7d7b-45ba-b08a-eaf77543da6e,h2_o_0,9b8083ab-ea59-47db-894c-95a0d2ba3cb6,5e576716-0df8-4712-8f03-ea1ac3808e35,26e93a92-0fb0-43bf-9c8d-6b97eb974d27,sftp://sftp.l3harris.com/gsee/small_molecules/fcidump.h2_o_cc-pVQZ.26e93a92-0fb0-43bf-9c8d-6b97eb974d27.gz,115,86400,1.0,-76.36018684173865,,True,True,True,10284.117,False,,,,,,,,,,,,,,,,,,,,True,True,-76.10416887591317
1350,SHCI_opt,2dde727e-a881-44fa-aabf-bba6248e4baf,,h2_o_0,9b8083ab-ea59-47db-894c-95a0d2ba3cb6,4e395cc5-b5d2-4b82-95a2-1276262386c8,dd869557-00f9-421f-ab39-faa9d8e05df2,sftp://sftp.l3harris.com/gsee/small_molecules/fcidump.h2_o_cc-pVTZ.dd869557-00f9-421f-ab39-faa9d8e05df2.gz,58,86400,1.0,-76.33261029487801,,False,False,False,,,,,,,,,,,,,,,,,,,,,,False,False,
1359,SHCI_opt,2dde727e-a881-44fa-aabf-bba6248e4baf,5485eedc-0c87-4afa-8b79-a375708a3d76,h_o_cl_0,ea2e13c5-6d80-466e-bd6b-6289e10ed82b,bd44e482-057d-42c3-a052-cbd952fa8025,95dec49b-7d4e-4889-9e31-97e21db7b329,sftp://sftp.l3harris.com/gsee/small_molecules/fcidump.h_o_cl_cc-pVDZ.95dec49b-7d4e-4889-9e31-97e21db7b329.gz,37,86400,1.0,-535.2295951475559,,True,True,True,1401.653,False,,,,,,,,,,,,,,,,,,,,True,True,-535.0456066017451
1368,SHCI_opt,2dde727e-a881-44fa-aabf-bba6248e4baf,,h_o_cl_0,ea2e13c5-6d80-466e-bd6b-6289e10ed82b,fea4b4a2-64a1-45c3-a760-83aec702bdca,e8ed1ee4-2780-4978-8d21-d1a23a30ae8d,sftp://sftp.l3harris.com/gsee/small_molecules/fcidump.h_o_cl_cc-pVTZ.e8ed1ee4-2780-4978-8d21-d1a23a30ae8d.gz,78,86400,1.0,-535.3960453601376,,False,False,False,,,,,,,,,,,,,,,,,,,,,,False,False,
1377,SHCI_opt,2dde727e-a881-44fa-aabf-bba6248e4baf,,c2_h6_0,b1c5ac4e-9b94-4e89-9557-da2026933172,15a25e30-cba9-4f63-80a6-ef95a8c79d41,da21513f-c490-45e2-8ce9-1c7a511ca925,sftp://sftp.l3harris.com/gsee/small_molecules/fcidump.c2_h6_cc-pVDZ.da21513f-c490-45e2-8ce9-1c7a511ca925.gz,58,86400,1.0,-79.58310216069334,,False,False,False,,,,,,,,,,,,,,,,,,,,,,False,False,
1386,SHCI_opt,2dde727e-a881-44fa-aabf-bba6248e4baf,,planted_solution_0001,3d3b9e8a-7842-4ca1-bd82-eddb9804972d,be3812d3-5975-4736-8a23-96d64e50e66a,3add17d8-cb86-4ae5-8474-96d272269d80,sftp://sftp.l3harris.com/gsee/planted_solutions/fcidump.planted_solution_0001.3add17d8-cb86-4ae5-8474-96d272269d80.gz,14,86400,1.0,-123.43821697553813,,False,False,False,,,,,,,,,,,,,,,,,,,,,,False,False,
1395,SHCI_opt,2dde727e-a881-44fa-aabf-bba6248e4baf,716d5d58-e014-4f75-80a1-8e766e19575f,c_h4_0,e0f6ed02-6502-454b-bf2c-e7994e0510f4,443371ce-c80d-450d-b281-ac1c4d5ecc4d,a7321b5d-4730-4ace-9ff8-734ec07f3fef,sftp://sftp.l3harris.com/gsee/small_molecules/fcidump.c_h4_cc-pVDZ.a7321b5d-4730-4ace-9ff8-734ec07f3fef.gz,34,86400,1.0,-40.38737419508231,,True,True,True,543.596,False,,,,,,,,,,,,,,,,,,,,True,True,-39.88004419001126
1404,SHCI_opt,2dde727e-a881-44fa-aabf-bba6248e4baf,716d5d58-e014-4f75-80a1-8e766e19575f,c_h4_0,e0f6ed02-6502-454b-bf2c-e7994e0510f4,f936469c-1d1e-4295-a006-84a778c1714c,47a5eadf-e31e-4c38-983f-8c75460463ea,sftp://sftp.l3harris.com/gsee/small_molecules/fcidump.c_h4_cc-pVTZ.47a5eadf-e31e-4c38-983f-8c75460463ea.gz,86,86400,1.0,-40.43861773402711,,True,True,True,5761.000000000001,False,,,,,,,,,,,,,,,,,,,,True,True,-39.922047613875414
1413,SHCI_opt,2dde727e-a881-44fa-aabf-bba6248e4baf,7f12a801-e6a6-4a40-9f17-fa49727e5daf,V_1,18e1973e-d6cf-48d6-9ca4-c1af21ff7c98,6d0f8edd-507f-43d5-9960-9ad49532ee42,cf7aa422-2b82-4d7c-a031-8923e1fc8a41,sftp://sftp.l3harris.com/gsee/small_molecules/fcidump.V1_vdz.cf7aa422-2b82-4d7c-a031-8923e1fc8a41.gz,54,86400,1.0,-70.8284,,True,True,True,8934.164999999999,False,,,,,,,,,,,,,,,,,,,,True,True,-70.82255368305005
1422,SHCI_opt,2dde727e-a881-44fa-aabf-bba6248e4baf,7f12a801-e6a6-4a40-9f17-fa49727e5daf,V_1,18e1973e-d6cf-48d6-9ca4-c1af21ff7c98,106deaf8-422f-4e06-bf25-6191abd6eecf,1ddf0c08-d7f1-48b7-8c85-c7e50997c771,sftp://sftp.l3harris.com/gsee/small_molecules/fcidump.V1_vtz.1ddf0c08-d7f1-48b7-8c85-c7e50997c771.gz,88,86400,1.0,-70.91955,,True,True,True,9470.101999999999,False,,,,,,,,,,,,,,,,,,,,True,True,-70.91088320840355
1431,SHCI_opt,2dde727e-a881-44fa-aabf-bba6248e4baf,,planted_solution_0007,3aaf0bb4-b412-4746-922a-c380b4024d00,d3c058ec-9b13-4a9a-aba0-d3f19091c47b,c594d63e-29c7-462a-b385-f70c6d7d8350,sftp://sftp.l3harris.com/gsee/planted_solutions/fcidump.planted_solution_0007.c594d63e-29c7-462a-b385-f70c6d7d8350.gz,31,86400,1.0,-582.1588851222295,,False,False,False,,,,,,,,,,,,,,,,,,,,,,False,False,
1440,SHCI_opt,2dde727e-a881-44fa-aabf-bba6248e4baf,b8b6f21d-a90e-4445-b3e4-7289ec799123,Ti_0,c1e4c7dd-2dc4-4dd0-889d-fb34f602965a,ab61c91a-68ea-401f-a3ad-392e83ee802e,cdae3a0c-d613-4375-ab65-7088244b54ef,sftp://sftp.l3harris.com/gsee/small_molecules/fcidump.Ti0_vdz.cdae3a0c-d613-4375-ab65-7088244b54ef.gz,54,86400,1.0,-57.88305,,True,True,True,1594.649,False,,,,,,,,,,,,,,,,,,,,True,True,-57.88301492370853
1449,SHCI_opt,2dde727e-a881-44fa-aabf-bba6248e4baf,b8b6f21d-a90e-4445-b3e4-7289ec799123,Ti_0,c1e4c7dd-2dc4-4dd0-889d-fb34f602965a,0c023ffe-8453-4f5f-b29e-7863589fb191,7766bf7c-05db-4294-b125-6f0110aa9407,sftp://sftp.l3harris.com/gsee/small_molecules/fcidump.Ti0_vtz.7766bf7c-05db-4294-b125-6f0110aa9407.gz,88,86400,1.0,-57.95463,,True,True,True,9728.296999999999,False,,,,,,,,,,,,,,,,,,,,True,True,-57.95459756635014
1458,SHCI_opt,2dde727e-a881-44fa-aabf-bba6248e4baf,fd6019ed-08a1-408c-a941-8c9b91a52fc2,CrO_0,2140edd4-8eb3-4270-b753-278334998e3d,e0101b06-dfd6-4caa-8580-a9815b225204,b9a18106-c719-4d0c-af12-30ded772eb55,sftp://sftp.l3harris.com/gsee/small_molecules/fcidump.CrO_vdz.b9a18106-c719-4d0c-af12-30ded772eb55.gz,76,86400,1.0,-102.55837,,True,True,True,5939.745,False,,,,,,,,,,,,,,,,,,,,True,True,-102.55847275707626
1467,SHCI_opt,2dde727e-a881-44fa-aabf-bba6248e4baf,,planted_solution_0002,00043d56-ed63-4266-907c-99c95c51b9db,0deae366-42de-4081-914d-db85c6b47168,16f9288f-be7e-4f8a-ab09-0153263f83c7,sftp://sftp.l3harris.com/gsee/planted_solutions/fcidump.planted_solution_0002.16f9288f-be7e-4f8a-ab09-0153263f83c7.gz,69,86400,1.0,-1256.692028979273,,False,False,False,,,,,,,,,,,,,,,,,,,,,,False,False,
1476,SHCI_opt,2dde727e-a881-44fa-aabf-bba6248e4baf,50a247fc-8cf1-4e4a-8c9e-8d463b3be7a8,h3_c_o_h_0,5524b5e5-adba-4322-9808-69e75e4335b2,fc3586af-0290-4a4a-81e1-422a1d331a09,26a32758-4c43-4add-a12e-7273b2ddfd0e,sftp://sftp.l3harris.com/gsee/small_molecules/fcidump.h3_c_o_h_cc-pVDZ.26a32758-4c43-4add-a12e-7273b2ddfd0e.gz,48,86400,1.0,-115.4210293277143,,True,True,True,7450.876,False,,,,,,,,,,,,,,,,,,,,True,True,-114.79157177442787
1485,SHCI_opt,2dde727e-a881-44fa-aabf-bba6248e4baf,50a247fc-8cf1-4e4a-8c9e-8d463b3be7a8,h3_c_o_h_0,5524b5e5-adba-4322-9808-69e75e4335b2,7ecc9a42-2b18-4179-81ec-583598fa579b,5f3af6fb-63d1-41cf-9e52-ea4fffcca51c,sftp://sftp.l3harris.com/gsee/small_molecules/fcidump.h3_c_o_h_cc-pVTZ.5f3af6fb-63d1-41cf-9e52-ea4fffcca51c.gz,116,86400,1.0,-115.551639498993,,True,True,True,9876.732,False,,,,,,,,,,,,,,,,,,,,True,True,-114.91013021004267
1494,SHCI_opt,2dde727e-a881-44fa-aabf-bba6248e4baf,5645439b-49bb-4133-a973-1f4915c19097,Cr_0,b8fe08a4-82fe-4636-9812-b1e0666f95b5,5d85532e-9116-48a1-9810-7925c9ed9c57,be2e7f6c-ccba-45ce-a42b-bd1d828b2d18,sftp://sftp.l3harris.com/gsee/small_molecules/fcidump.Cr0_vdz.be2e7f6c-ccba-45ce-a42b-bd1d828b2d18.gz,54,86400,1.0,-86.61203,,True,True,True,8625.980000000001,False,,,,,,,,,,,,,,,,,,,,True,True,-86.61202365843596
1503,SHCI_opt,2dde727e-a881-44fa-aabf-bba6248e4baf,,Cr_0,b8fe08a4-82fe-4636-9812-b1e0666f95b5,35b59fd4-e046-4d69-ba52-4b94a7777ac3,dd44b59c-f6b3-4f9a-acfe-34eaf6de3411,sftp://sftp.l3harris.com/gsee/small_molecules/fcidump.Cr0_vtz.dd44b59c-f6b3-4f9a-acfe-34eaf6de3411.gz,88,86400,1.0,-86.72091999999998,,False,False,False,,,,,,,,,,,,,,,,,,,,,,False,False,
1512,SHCI_opt,2dde727e-a881-44fa-aabf-bba6248e4baf,bb7077ee-4fa8-4e67-bbb7-bda62701b4c5,h2_o2_0,cc7044d7-28e0-4fe2-bd6b-c9c758da4776,85743547-31ba-48ff-b854-220e4b9b620f,459b2739-8810-4cd9-82c4-4285c36a0193,sftp://sftp.l3harris.com/gsee/small_molecules/fcidump.h2_o2_cc-pVDZ.459b2739-8810-4cd9-82c4-4285c36a0193.gz,38,86400,1.0,-151.195410841039,,True,True,True,7876.3,False,,,,,,,,,,,,,,,,,,,,True,True,-150.8810187854955
1521,SHCI_opt,2dde727e-a881-44fa-aabf-bba6248e4baf,bb7077ee-4fa8-4e67-bbb7-bda62701b4c5,h2_o2_0,cc7044d7-28e0-4fe2-bd6b-c9c758da4776,ae328238-7f54-43e2-bf9a-01c60563e578,1a0cce83-5b61-4c4e-a5d4-8825a9b89f65,sftp://sftp.l3harris.com/gsee/small_molecules/fcidump.h2_o2_cc-pVTZ.1a0cce83-5b61-4c4e-a5d4-8825a9b89f65.gz,88,86400,1.0,-151.35987577588998,,True,True,True,9007.064999999999,False,,,,,,,,,,,,,,,,,,,,True,True,-151.03902450674974
1530,SHCI_opt,2dde727e-a881-44fa-aabf-bba6248e4baf,6cca1597-5448-4ace-9bdd-cec6b9304086,c_o_0,1c3155e0-3679-4eff-bed0-57a1082672c3,02588640-a5ae-48e6-b28b-f6759886ab70,5de3dbbd-1d79-45c9-ac75-4140ae123baa,sftp://sftp.l3harris.com/gsee/small_molecules/fcidump.c_o_cc-pVDZ.5de3dbbd-1d79-45c9-ac75-4140ae123baa.gz,28,86400,1.0,-113.0563804803896,,True,True,True,782.6129999999999,False,,,,,,,,,,,,,,,,,,,,True,True,-112.73525300461442
1539,SHCI_opt,2dde727e-a881-44fa-aabf-bba6248e4baf,6cca1597-5448-4ace-9bdd-cec6b9304086,c_o_0,1c3155e0-3679-4eff-bed0-57a1082672c3,7ea61c79-c0e5-453b-8fd0-b176cb8821a7,0c547725-1536-47b8-98f9-ed1384ceb939,sftp://sftp.l3harris.com/gsee/small_molecules/fcidump.c_o_cc-pVQZ.0c547725-1536-47b8-98f9-ed1384ceb939.gz,110,86400,1.0,-113.18898087097106,,True,True,True,10562.886999999999,False,,,,,,,,,,,,,,,,,,,,True,True,-112.90427776576823
1548,SHCI_opt,2dde727e-a881-44fa-aabf-bba6248e4baf,6cca1597-5448-4ace-9bdd-cec6b9304086,c_o_0,1c3155e0-3679-4eff-bed0-57a1082672c3,a92f6594-5ccc-4385-9cb5-8c21b4407dcf,2b749f51-9ea9-41c4-9f67-e9c8334478c4,sftp://sftp.l3harris.com/gsee/small_molecules/fcidump.c_o_cc-pVTZ.2b749f51-9ea9-41c4-9f67-e9c8334478c4.gz,60,86400,1.0,-113.15675779212764,,True,True,True,11162.246,False,,,,,,,,,,,,,,,,,,,,True,True,-112.8411320991821
1557,SHCI_opt,2dde727e-a881-44fa-aabf-bba6248e4baf,f8458ef2-e38d-4efb-911f-ce09ea615190,Sc_1,c6ab4ddb-efe8-46d6-9fc4-90901c08d9a7,ca6f7678-0952-4fe4-83fe-c4455a682132,75228927-fac3-4caf-9e09-1fdfe51098a3,sftp://sftp.l3harris.com/gsee/small_molecules/fcidump.Sc1_vdz.75228927-fac3-4caf-9e09-1fdfe51098a3.gz,54,86400,1.0,-46.15683,,True,True,True,183.719,False,,,,,,,,,,,,,,,,,,,,True,True,-46.15682680905733
1566,SHCI_opt,2dde727e-a881-44fa-aabf-bba6248e4baf,f8458ef2-e38d-4efb-911f-ce09ea615190,Sc_1,c6ab4ddb-efe8-46d6-9fc4-90901c08d9a7,10119019-eea2-45c9-a748-e206780c4235,cfc29172-5c9c-4e13-9a31-17895ed89c95,sftp://sftp.l3harris.com/gsee/small_molecules/fcidump.Sc1_vqz.cfc29172-5c9c-4e13-9a31-17895ed89c95.gz,135,86400,1.0,-46.23311,,True,True,True,8037.151,False,,,,,,,,,,,,,,,,,,,,True,True,-46.23308420216598
1575,SHCI_opt,2dde727e-a881-44fa-aabf-bba6248e4baf,f8458ef2-e38d-4efb-911f-ce09ea615190,Sc_1,c6ab4ddb-efe8-46d6-9fc4-90901c08d9a7,78d5e5ba-0b2c-4cfe-92c5-f1c749150015,adfdddd9-6ebe-4661-8bd8-c8810f117a6a,sftp://sftp.l3harris.com/gsee/small_molecules/fcidump.Sc1_vtz.adfdddd9-6ebe-4661-8bd8-c8810f117a6a.gz,88,86400,1.0,-46.21149000000001,,True,True,True,1778.4479999999999,False,,,,,,,,,,,,,,,,,,,,True,True,-46.21148266975764
1584,SHCI_opt,2dde727e-a881-44fa-aabf-bba6248e4baf,2b82a9c8-b463-4d80-87c8-6ee7f83d6060,si_h2_singlet_0,a0a07bfe-aac2-4d61-9425-009953899b3b,240f7830-f4e1-4301-b0af-ab8936851796,7fdb7bf4-2eed-4b4f-bf6f-767c7518367d,sftp://sftp.l3harris.com/gsee/small_molecules/fcidump.si_h2_singlet_cc-pVDZ.7fdb7bf4-2eed-4b4f-bf6f-767c7518367d.gz,28,86400,1.0,-290.13802160762725,,True,True,True,39.400999999999996,False,,,,,,,,,,,,,,,,,,,,True,True,-289.9542652092166
1593,SHCI_opt,2dde727e-a881-44fa-aabf-bba6248e4baf,2b82a9c8-b463-4d80-87c8-6ee7f83d6060,si_h2_singlet_0,a0a07bfe-aac2-4d61-9425-009953899b3b,50de76ad-110a-4c09-836a-64cc60c87f9a,5b274001-6cd6-436f-995f-d460d33688da,sftp://sftp.l3harris.com/gsee/small_molecules/fcidump.si_h2_singlet_cc-pVQZ.5b274001-6cd6-436f-995f-d460d33688da.gz,119,86400,1.0,-290.1809752643235,,True,True,True,6755.927,False,,,,,,,,,,,,,,,,,,,,True,True,-290.0240872033283
1602,SHCI_opt,2dde727e-a881-44fa-aabf-bba6248e4baf,2b82a9c8-b463-4d80-87c8-6ee7f83d6060,si_h2_singlet_0,a0a07bfe-aac2-4d61-9425-009953899b3b,5e1dcd34-1373-4f34-b9df-d738a8cf4db6,0534fd24-c760-462e-b288-c3ea9fe721c8,sftp://sftp.l3harris.com/gsee/small_molecules/fcidump.si_h2_singlet_cc-pVTZ.0534fd24-c760-462e-b288-c3ea9fe721c8.gz,62,86400,1.0,-290.17164194607653,,True,True,True,1771.103,False,,,,,,,,,,,,,,,,,,,,True,True,-290.02823882971006
1611,SHCI_opt,2dde727e-a881-44fa-aabf-bba6248e4baf,8251bb8e-0e80-44c3-8fc0-c537d289ca80,c_s_0,f90280cc-c860-4ff1-a9ec-4841cec989f7,886855d3-f1a7-4004-a736-417360e81d0a,1c5f7390-3d26-4730-addd-b0fbd7591169,sftp://sftp.l3harris.com/gsee/small_molecules/fcidump.c_s_cc-pVDZ.1c5f7390-3d26-4730-addd-b0fbd7591169.gz,32,86400,1.0,-435.60612732141794,,True,True,True,1355.938,False,,,,,,,,,,,,,,,,,,,,True,True,-435.3944760013062
1620,SHCI_opt,2dde727e-a881-44fa-aabf-bba6248e4baf,,c_s_0,f90280cc-c860-4ff1-a9ec-4841cec989f7,57830810-1133-4c19-9a19-30183dd86a9f,f895f408-4aa7-47e2-a903-c26b963b399e,sftp://sftp.l3harris.com/gsee/small_molecules/fcidump.c_s_cc-pVTZ.f895f408-4aa7-47e2-a903-c26b963b399e.gz,64,86400,1.0,-435.6948221545708,,False,False,False,,,,,,,,,,,,,,,,,,,,,,False,False,
1629,SHCI_opt,2dde727e-a881-44fa-aabf-bba6248e4baf,22a30aaa-0907-4086-bc51-07d7f6f91d73,h3_c_s_h_0,674b572a-3d6d-4418-8cc2-4755d90367ee,ff159145-fd97-486b-bf16-fc766b362ea3,65a71ea2-097e-472c-b96a-13ddf6a0962c,sftp://sftp.l3harris.com/gsee/small_molecules/fcidump.h3_c_s_h_cc-pVDZ.65a71ea2-097e-472c-b96a-13ddf6a0962c.gz,52,86400,1.0,-438.0556770212453,,True,True,True,5712.126,False,,,,,,,,,,,,,,,,,,,,True,True,-437.4685637807655
1638,SHCI_opt,2dde727e-a881-44fa-aabf-bba6248e4baf,4c12e211-5dac-46a0-bc95-69844124a1af,h_cl_0,586ce6a9-1876-459e-9b6c-be8bb1c4d1a5,fa3bc2a8-8067-4088-909a-2ddfa655ebfb,5373214f-f344-4bdb-8840-5acf3b4c07c2,sftp://sftp.l3harris.com/gsee/small_molecules/fcidump.h_cl_cc-pVDZ.5373214f-f344-4bdb-8840-5acf3b4c07c2.gz,23,86400,1.0,-460.2549892890326,,True,True,True,34.556,False,,,,,,,,,,,,,,,,,,,,True,True,-460.12648637186373
1647,SHCI_opt,2dde727e-a881-44fa-aabf-bba6248e4baf,4c12e211-5dac-46a0-bc95-69844124a1af,h_cl_0,586ce6a9-1876-459e-9b6c-be8bb1c4d1a5,8f39fc4f-91dc-4f67-ab5c-00e8ffc866c4,1235d3d0-2c41-4036-909c-807ed3c89d96,sftp://sftp.l3harris.com/gsee/small_molecules/fcidump.h_cl_cc-pVQZ.1235d3d0-2c41-4036-909c-807ed3c89d96.gz,89,86400,1.0,-460.363072552048,,True,True,True,6011.366999999999,False,,,,,,,,,,,,,,,,,,,,True,True,-460.2825449285771
1656,SHCI_opt,2dde727e-a881-44fa-aabf-bba6248e4baf,4c12e211-5dac-46a0-bc95-69844124a1af,h_cl_0,586ce6a9-1876-459e-9b6c-be8bb1c4d1a5,f0637f33-3c53-4f01-8cf7-cfd9c6f39a51,9ef07114-7e1a-4eba-a9ac-2c71c5fd518a,sftp://sftp.l3harris.com/gsee/small_molecules/fcidump.h_cl_cc-pVTZ.9ef07114-7e1a-4eba-a9ac-2c71c5fd518a.gz,48,86400,1.0,-460.3380209658837,,True,True,True,1683.3960000000002,False,,,,,,,,,,,,,,,,,,,,True,True,-460.2295759054348
1665,SHCI_opt,2dde727e-a881-44fa-aabf-bba6248e4baf,b8b2c85a-196d-4d2d-8a9a-2e3721dff6a7,s_o2_0,1d0b8322-24b3-407a-8246-07444bb020be,c7cd47fa-1bbd-4859-a0c8-3fd5c287c6db,42f8e26e-4707-41e4-8b0a-c099a8a4145c,sftp://sftp.l3harris.com/gsee/small_molecules/fcidump.s_o2_cc-pVDZ.42f8e26e-4707-41e4-8b0a-c099a8a4145c.gz,46,86400,1.0,-547.7175416014352,,True,True,True,15406.799,False,,,,,,,,,,,,,,,,,,,,True,True,-547.4415039948155
1674,SHCI_opt,2dde727e-a881-44fa-aabf-bba6248e4baf,b8b2c85a-196d-4d2d-8a9a-2e3721dff6a7,s_o2_0,1d0b8322-24b3-407a-8246-07444bb020be,84243fc5-4284-4393-bb1d-b73bf600eb26,189ad642-9d0f-4d5a-a1b3-1160f515ebf4,sftp://sftp.l3harris.com/gsee/small_molecules/fcidump.s_o2_cc-pVTZ.189ad642-9d0f-4d5a-a1b3-1160f515ebf4.gz,94,86400,1.0,-547.9732135046387,,True,True,True,45198.953,False,,,,,,,,,,,,,,,,,,,,True,True,-547.6722549040916
1683,SHCI_opt,2dde727e-a881-44fa-aabf-bba6248e4baf,,planted_solution_0004,e0adafc5-789e-43e6-8f9e-e718da28de3a,c9809448-2f3d-40d4-858d-6288a4703af4,52ddfe55-8758-448b-a6b1-3afdab85fdf4,sftp://sftp.l3harris.com/gsee/planted_solutions/fcidump.planted_solution_0004.52ddfe55-8758-448b-a6b1-3afdab85fdf4.gz,70,86400,1.0,-1216.742322122818,,False,False,False,,,,,,,,,,,,,,,,,,,,,,False,False,
1692,SHCI_opt,2dde727e-a881-44fa-aabf-bba6248e4baf,069b4eb3-a09a-447d-ab1c-ba78887bdf4d,O_0,162f41da-af43-427c-a8bc-ae9fa97ace95,402d5237-16a3-4eb8-8bd4-5dcf2cb14c36,c3e26bde-f8e2-4e34-a833-9176dc6c5d58,sftp://sftp.l3harris.com/gsee/small_molecules/fcidump.O0_vdz.c3e26bde-f8e2-4e34-a833-9176dc6c5d58.gz,22,86400,1.0,-15.78125,,True,True,True,9.344000000000001,False,,,,,,,,,,,,,,,,,,,,True,True,-15.781254765753435
1701,SHCI_opt,2dde727e-a881-44fa-aabf-bba6248e4baf,069b4eb3-a09a-447d-ab1c-ba78887bdf4d,O_0,162f41da-af43-427c-a8bc-ae9fa97ace95,b4e88a1e-f05f-4ff7-bd91-b24a5073c6ca,31ade416-8bd1-4671-953c-c62f281cd96d,sftp://sftp.l3harris.com/gsee/small_molecules/fcidump.O0_vqz.31ade416-8bd1-4671-953c-c62f281cd96d.gz,79,86400,1.0,-15.83909,,True,True,True,452.81899999999996,False,,,,,,,,,,,,,,,,,,,,True,True,-15.839092756759994
1710,SHCI_opt,2dde727e-a881-44fa-aabf-bba6248e4baf,069b4eb3-a09a-447d-ab1c-ba78887bdf4d,O_0,162f41da-af43-427c-a8bc-ae9fa97ace95,85a3a8d6-f2c7-458c-bbc3-25fd76d9afc0,1661aaae-621a-430d-990a-bcbbbe270dfb,sftp://sftp.l3harris.com/gsee/small_molecules/fcidump.O0_vtz.1661aaae-621a-430d-990a-bcbbbe270dfb.gz,45,86400,1.0,-15.82702,,True,True,True,45.64,False,,,,,,,,,,,,,,,,,,,,True,True,-15.82702477412025
1719,SHCI_opt,2dde727e-a881-44fa-aabf-bba6248e4baf,c883f1da-62c2-4859-a718-b8abb08fad62,ozone,9560107e-f1ad-4480-aa51-ef03edda6e19,881f5275-83eb-470c-80fe-eebb7ced30e9,b0c72570-cf06-4ecc-ae64-52a65720c849,sftp://sftp.l3harris.com/gsee/FCIDUMP_g_ring_b_cc-pvdz.b0c72570-cf06-4ecc-ae64-52a65720c849.gz,42,172800,1.0,,,True,True,False,10970.739,False,,,,,,,,,,,,,,,,,,,,True,False,-224.86855693225016
1728,SHCI_opt,2dde727e-a881-44fa-aabf-bba6248e4baf,c883f1da-62c2-4859-a718-b8abb08fad62,ozone,9560107e-f1ad-4480-aa51-ef03edda6e19,e0de65ed-e45e-46e0-a57b-c6ad4efbdafe,598f7475-c056-4a46-8d20-5159c73e5d02,sftp://sftp.l3harris.com/gsee/FCIDUMP_g_ring_b_sto-3g.598f7475-c056-4a46-8d20-5159c73e5d02.gz,15,172800,1.0,-221.57897267925446,,True,True,True,8.053,False,,,,,,,,,,,,,,,,,,,,True,True,-221.57827292914692
1737,SHCI_opt,2dde727e-a881-44fa-aabf-bba6248e4baf,c883f1da-62c2-4859-a718-b8abb08fad62,ozone,9560107e-f1ad-4480-aa51-ef03edda6e19,6918e02b-1e04-40bf-a800-1c9ed100d261,8fc9b179-ff7d-4402-b0cf-18ec074b211a,sftp://sftp.l3harris.com/gsee/FCIDUMP_g_ring_b_cc-pvtz.8fc9b179-ff7d-4402-b0cf-18ec074b211a.gz,90,172800,1.0,,,True,True,False,13282.274,False,,,,,,,,,,,,,,,,,,,,True,False,-225.12700643954332
1746,SHCI_opt,2dde727e-a881-44fa-aabf-bba6248e4baf,c883f1da-62c2-4859-a718-b8abb08fad62,ozone,9560107e-f1ad-4480-aa51-ef03edda6e19,a2ad41b8-37bb-44e1-be3e-df1052952e9c,1a42101c-3c00-4105-8ed3-9275bf0d18db,sftp://sftp.l3harris.com/gsee/FCIDUMP_g_bent_b_cc-pvdz.1a42101c-3c00-4105-8ed3-9275bf0d18db.gz,42,172800,1.0,,,True,True,False,5279.117,False,,,,,,,,,,,,,,,,,,,,True,False,-224.9219261944616
1755,SHCI_opt,2dde727e-a881-44fa-aabf-bba6248e4baf,,ozone,9560107e-f1ad-4480-aa51-ef03edda6e19,b4968ccd-6711-4173-8f80-f16094b3e0cd,93698b08-3188-4961-b551-50ac2c1e62b3,sftp://sftp.l3harris.com/gsee/FCIDUMP_g_bent_b_sto-3g.93698b08-3188-4961-b551-50ac2c1e62b3.gz,15,172800,1.0,-221.55895092155683,,False,False,False,,,,,,,,,,,,,,,,,,,,,,False,False,
1764,SHCI_opt,2dde727e-a881-44fa-aabf-bba6248e4baf,c883f1da-62c2-4859-a718-b8abb08fad62,ozone,9560107e-f1ad-4480-aa51-ef03edda6e19,ee2925f1-a302-4c21-b33c-5cb30b10270f,8b6ad6f7-f004-4941-95b2-829eb3723c8d,sftp://sftp.l3harris.com/gsee/FCIDUMP_g_bent_b_cc-pvtz.8b6ad6f7-f004-4941-95b2-829eb3723c8d.gz,90,172800,1.0,,,True,True,False,5446.1269999999995,False,,,,,,,,,,,,,,,,,,,,True,False,-225.17629047001265
1773,SHCI_opt,2dde727e-a881-44fa-aabf-bba6248e4baf,7fb48f5e-5574-48a9-b1d9-8e3b9e2bc67d,c_h2_singlet_0,7ca1486c-06a5-47c1-b8ab-eab491ffc68b,5f0ac7ac-1dcc-46a6-bfa0-6e76c73a0bdd,290cfb48-dbdd-4915-bbaf-b0bc69fa070c,sftp://sftp.l3harris.com/gsee/small_molecules/fcidump.c_h2_singlet_cc-pVDZ.290cfb48-dbdd-4915-bbaf-b0bc69fa070c.gz,24,86400,1.0,-39.02289720285325,,True,True,True,17.463,False,,,,,,,,,,,,,,,,,,,,True,True,-38.8184367872833
1782,SHCI_opt,2dde727e-a881-44fa-aabf-bba6248e4baf,7fb48f5e-5574-48a9-b1d9-8e3b9e2bc67d,c_h2_singlet_0,7ca1486c-06a5-47c1-b8ab-eab491ffc68b,6a16e45d-545d-4827-9617-3c83fb323a97,7db2ffef-bfc4-4df3-b6a6-c3929e0bb978,sftp://sftp.l3harris.com/gsee/small_molecules/fcidump.c_h2_singlet_cc-pVQZ.7db2ffef-bfc4-4df3-b6a6-c3929e0bb978.gz,115,86400,1.0,-39.07293234013802,,True,True,True,3644.4139999999998,False,,,,,,,,,,,,,,,,,,,,True,True,-38.87846371042029
1791,SHCI_opt,2dde727e-a881-44fa-aabf-bba6248e4baf,7fb48f5e-5574-48a9-b1d9-8e3b9e2bc67d,c_h2_singlet_0,7ca1486c-06a5-47c1-b8ab-eab491ffc68b,8fa0ddcf-9b98-4144-8250-522f38c28b02,59fca8b4-25f4-44f7-b961-34d6a4037051,sftp://sftp.l3harris.com/gsee/small_molecules/fcidump.c_h2_singlet_cc-pVTZ.59fca8b4-25f4-44f7-b961-34d6a4037051.gz,58,86400,1.0,-39.06239642266012,,True,True,True,313.514,False,,,,,,,,,,,,,,,,,,,,True,True,-38.853593405908185
1800,SHCI_opt,2dde727e-a881-44fa-aabf-bba6248e4baf,c4665ff1-ccc6-4c04-8810-8527f850bfaf,VO_0,bcc86483-2a7e-4271-b6fc-238ef5e682f6,63c089b2-1940-4301-89d6-93ecc98c07f1,c6137fbe-c5ef-4572-9e3a-3261e9acaca0,sftp://sftp.l3harris.com/gsee/small_molecules/fcidump.VO_vdz.c6137fbe-c5ef-4572-9e3a-3261e9acaca0.gz,76,86400,1.0,-87.08577,,True,True,True,6451.985,False,,,,,,,,,,,,,,,,,,,,True,True,-87.08579294678395
1809,SHCI_opt,2dde727e-a881-44fa-aabf-bba6248e4baf,,planted_solution_0005,7e0fb928-b0a9-4b44-89f1-7e0ee3b2bb13,a41a284c-7baa-438e-9323-532091c7a78f,0ddeaaab-a6ef-436b-8189-290afa6408ea,sftp://sftp.l3harris.com/gsee/planted_solutions/fcidump.planted_solution_0005.0ddeaaab-a6ef-436b-8189-290afa6408ea.gz,14,86400,1.0,-98.40362189128723,,False,False,False,,,,,,,,,,,,,,,,,,,,,,False,False,
1818,SHCI_opt,2dde727e-a881-44fa-aabf-bba6248e4baf,,ru_mono,7213642b-5f16-48be-d5e5-2bc42ebb8526,5509795a-90ce-45d6-b03d-db956a5da5b2,cb60079d-5a30-4e3a-89d5-dbe95822df5e,sftp://sftp.l3harris.com/gsee/fcidump.32_2ru_III_3pl_noncan_0.2_new.cb60079d-5a30-4e3a-89d5-dbe95822df5e.gz,9,172800,1.0,-1722.886930507167,2124-03-20T20:48:21.795324+00:00,False,False,False,,,,,,,,,,,,,,,,,,,,,,False,False,
1827,SHCI_opt,2dde727e-a881-44fa-aabf-bba6248e4baf,5027d5ef-e15d-45f2-a61c-c4a18d3bfbda,ru_mono,7213642b-5f16-48be-d5e5-2bc42ebb8526,bc3520b5-bf25-4a43-892c-8d7e9a690fe2,4811297e-a8df-4150-9d4d-376fd0c6e9cd,sftp://sftp.l3harris.com/gsee/fcidump.33_2ru_III_3pl_noncan_0.2_new.4811297e-a8df-4150-9d4d-376fd0c6e9cd.gz,34,172800,1.0,-1723.022656367642,2124-03-20T20:48:21.795324+00:00,True,True,True,159.134,False,,,,,,,,,,,,,,,,,,,,True,True,-1723.020544789466
1836,SHCI_opt,2dde727e-a881-44fa-aabf-bba6248e4baf,,ru_mono,7213642b-5f16-48be-d5e5-2bc42ebb8526,d937e005-3688-4138-9465-426798087395,30c3e4f9-1b24-4fe5-9cab-ad0b67e0d74b,sftp://sftp.l3harris.com/gsee/fcidump.34_3ruo_IV_2pl_noncan_0.2_new.30c3e4f9-1b24-4fe5-9cab-ad0b67e0d74b.gz,10,172800,1.0,-1796.945217268863,2124-03-20T20:48:21.795324+00:00,False,False,False,,,,,,,,,,,,,,,,,,,,,,False,False,
1845,SHCI_opt,2dde727e-a881-44fa-aabf-bba6248e4baf,5027d5ef-e15d-45f2-a61c-c4a18d3bfbda,ru_mono,7213642b-5f16-48be-d5e5-2bc42ebb8526,ace55695-1ca9-4153-8fd4-55ed6658cf8c,a2417602-4e97-4395-b3f0-1e29262c8053,sftp://sftp.l3harris.com/gsee/fcidump.35_3ruo_IV_2pl_noncan_0.2_new.a2417602-4e97-4395-b3f0-1e29262c8053.gz,36,172800,1.0,-1797.371453350987,2124-03-20T20:48:21.795324+00:00,True,True,True,194.889,False,,,,,,,,,,,,,,,,,,,,True,True,-1797.3707173366638
1854,SHCI_opt,2dde727e-a881-44fa-aabf-bba6248e4baf,,ru_mono,7213642b-5f16-48be-d5e5-2bc42ebb8526,dab492c3-27fe-4ac3-8c98-de2563caf66c,51f7d629-9a0e-4688-8562-59a5f0c0a404,sftp://sftp.l3harris.com/gsee/fcidump.36_1ru_II_2pl_noncan_0.2_new.51f7d629-9a0e-4688-8562-59a5f0c0a404.gz,9,172800,1.0,-1723.455357141506,2124-03-20T20:48:21.795324+00:00,False,False,False,,,,,,,,,,,,,,,,,,,,,,False,False,
1863,SHCI_opt,2dde727e-a881-44fa-aabf-bba6248e4baf,5027d5ef-e15d-45f2-a61c-c4a18d3bfbda,ru_mono,7213642b-5f16-48be-d5e5-2bc42ebb8526,a475af8e-cb0b-4533-906d-a6b8eda313e7,7be1766a-b3f7-4779-9a69-f4358645831b,sftp://sftp.l3harris.com/gsee/fcidump.37_1ru_II_2pl_noncan_0.2_new.7be1766a-b3f7-4779-9a69-f4358645831b.gz,34,172800,1.0,,2124-03-20T20:48:21.795324+00:00,True,True,False,58.832,False,,,,,,,,,,,,,,,,,,,,True,False,-1723.5223846286513
1872,SHCI_opt,2dde727e-a881-44fa-aabf-bba6248e4baf,3087d0b2-970b-45bf-81ae-9e13da6da207,mo2_n2,90d4e4fc-1216-4846-b45f-198c0530e29b,e3a07092-d1e5-4867-a4d7-d0258f9df6db,09c3ddd5-0187-46e8-95c3-157c470cb69a,sftp://sftp.l3harris.com/gsee/fcidump.13_1_lut_ts_noncan_0.2_new.09c3ddd5-0187-46e8-95c3-157c470cb69a.gz,69,172800,1.0,-4269.911340904,2124-03-20T20:48:21.795324+00:00,True,True,True,9745.395,False,,,,,,,,,,,,,,,,,,,,True,True,-4270.086146403457
1881,SHCI_opt,2dde727e-a881-44fa-aabf-bba6248e4baf,,mo2_n2,90d4e4fc-1216-4846-b45f-198c0530e29b,138733f0-08f5-4077-b848-813c8ec53c79,f36a9dbc-c34a-401f-8ea6-dc996d785edf,sftp://sftp.l3harris.com/gsee/fcidump.14_1_lut_prod_noncan_0.2_new.f36a9dbc-c34a-401f-8ea6-dc996d785edf.gz,70,172800,1.0,-4269.95022854353,2124-03-20T20:48:21.795324+00:00,False,False,False,,,,,,,,,,,,,,,,,,,,,,False,False,
1890,SHCI_opt,2dde727e-a881-44fa-aabf-bba6248e4baf,3087d0b2-970b-45bf-81ae-9e13da6da207,mo2_n2,90d4e4fc-1216-4846-b45f-198c0530e29b,79b74ad4-afa8-458f-87a3-a5ec339056c6,9cba211b-820c-4ad4-a050-336e8049e1c7,sftp://sftp.l3harris.com/gsee/fcidump.15_1_lut_react_noncan_0.2_new.9cba211b-820c-4ad4-a050-336e8049e1c7.gz,69,172800,1.0,-4269.91981972922,2124-03-20T20:48:21.795324+00:00,True,True,True,8273.894,False,,,,,,,,,,,,,,,,,,,,True,True,-4270.095550815076
1899,SHCI_opt,2dde727e-a881-44fa-aabf-bba6248e4baf,ea82c1bf-1d65-48a0-94c1-e88b1edc8557,MnO_0,e2212cdf-adef-454a-b218-05041d723c55,f0ee8150-86e2-4f9e-ae35-95af38f3c69e,55355f72-52f0-427d-b5ac-3b41666ca5fb,sftp://sftp.l3harris.com/gsee/small_molecules/fcidump.MnO_vdz.55355f72-52f0-427d-b5ac-3b41666ca5fb.gz,76,86400,1.0,-119.85051,,True,True,True,6734.446,False,,,,,,,,,,,,,,,,,,,,True,True,-119.85064209090152
1908,SHCI_opt,2dde727e-a881-44fa-aabf-bba6248e4baf,c60e140d-e1ff-47c5-b69d-4f05631c5c81,mo_n2_pincer,8a3787cc-d3d0-42a8-d9a9-7de2aed45208,aaae8d93-cb88-41ee-8f11-c70cc9b0d7fb,4476d0ff-9618-4774-9619-e3f223249cea,sftp://sftp.l3harris.com/gsee/fcidump.16_ts_1over4a_noncan_0.2_new.4476d0ff-9618-4774-9619-e3f223249cea.gz,55,172800,1.0,-2928.53386390964,2124-03-20T20:48:21.795324+00:00,True,True,True,34555.363,False,,,,,,,,,,,,,,,,,,,,True,True,-2928.5457548873965
1917,SHCI_opt,2dde727e-a881-44fa-aabf-bba6248e4baf,,mo_n2_pincer,8a3787cc-d3d0-42a8-d9a9-7de2aed45208,5547bb48-fac6-4426-91ad-c4853ce421aa,d74d0c01-8507-445b-bec1-f02bafbbfaab,sftp://sftp.l3harris.com/gsee/fcidump.17_ts_1over4a_noncan_0.2_new.d74d0c01-8507-445b-bec1-f02bafbbfaab.gz,70,172800,1.0,,2124-03-20T20:48:21.795324+00:00,False,False,False,,,,,,,,,,,,,,,,,,,,,,False,False,
1926,SHCI_opt,2dde727e-a881-44fa-aabf-bba6248e4baf,,mo_n2_pincer,8a3787cc-d3d0-42a8-d9a9-7de2aed45208,db75bf65-181b-40c2-b978-26453437c2b0,f6516937-6182-4dae-a39c-f94c0d72bf70,sftp://sftp.l3harris.com/gsee/fcidump.18_I_noncan_0.2_new.f6516937-6182-4dae-a39c-f94c0d72bf70.gz,55,172800,1.0,,2124-03-20T20:48:21.795324+00:00,False,False,False,,,,,,,,,,,,,,,,,,,,,,False,False,
1935,SHCI_opt,2dde727e-a881-44fa-aabf-bba6248e4baf,c60e140d-e1ff-47c5-b69d-4f05631c5c81,mo_n2_pincer,8a3787cc-d3d0-42a8-d9a9-7de2aed45208,ab482d50-9a85-48d9-aa17-83dcbb38614b,53abfc75-37a3-440c-a023-6e4cbffecd6a,sftp://sftp.l3harris.com/gsee/fcidump.19_I_noncan_0.2_new.53abfc75-37a3-440c-a023-6e4cbffecd6a.gz,69,172800,1.0,,2124-03-20T20:48:21.795324+00:00,True,True,False,9233.632,False,,,,,,,,,,,,,,,,,,,,True,False,-2928.52276235924
1944,SHCI_opt,2dde727e-a881-44fa-aabf-bba6248e4baf,c60e140d-e1ff-47c5-b69d-4f05631c5c81,mo_n2_pincer,8a3787cc-d3d0-42a8-d9a9-7de2aed45208,b628f4be-582f-4f23-96eb-c8b9e0005e4a,3527a125-6e74-4df9-a9ac-ebba7d8b84ff,sftp://sftp.l3harris.com/gsee/fcidump.20_rc_noncan_0.2_new.3527a125-6e74-4df9-a9ac-ebba7d8b84ff.gz,31,172800,1.0,-2928.27122973346,2124-03-20T20:48:21.795324+00:00,True,True,True,128.05200000000002,False,,,,,,,,,,,,,,,,,,,,True,True,-2928.2711725780914
1953,SHCI_opt,2dde727e-a881-44fa-aabf-bba6248e4baf,c60e140d-e1ff-47c5-b69d-4f05631c5c81,mo_n2_pincer,8a3787cc-d3d0-42a8-d9a9-7de2aed45208,c436c481-00d1-49ec-8d0e-0a5e83a8df19,7fc6d81a-8e1c-436f-ade2-93aed1dfee42,sftp://sftp.l3harris.com/gsee/fcidump.21_rc_noncan_0.2_new.7fc6d81a-8e1c-436f-ade2-93aed1dfee42.gz,45,172800,1.0,-2928.30539273947,2124-03-20T20:48:21.795324+00:00,True,True,True,801.007,False,,,,,,,,,,,,,,,,,,,,True,True,-2928.305090868813
1962,SHCI_opt,2dde727e-a881-44fa-aabf-bba6248e4baf,c60e140d-e1ff-47c5-b69d-4f05631c5c81,mo_n2_pincer,8a3787cc-d3d0-42a8-d9a9-7de2aed45208,349e9cbe-d675-411f-b6b8-be846c27902c,2e1dab84-5b1a-4521-8d36-78117ab88bbd,sftp://sftp.l3harris.com/gsee/fcidump.22_pc-_noncan_0.2_new.2e1dab84-5b1a-4521-8d36-78117ab88bbd.gz,55,172800,1.0,-2928.43351150221,2124-03-20T20:48:21.795324+00:00,True,True,True,17598.559,False,,,,,,,,,,,,,,,,,,,,True,True,-2928.401216296195
1971,SHCI_opt,2dde727e-a881-44fa-aabf-bba6248e4baf,c60e140d-e1ff-47c5-b69d-4f05631c5c81,mo_n2_pincer,8a3787cc-d3d0-42a8-d9a9-7de2aed45208,3eccbccf-e84a-44b9-b775-cef772cd84f0,21b0efe8-adc7-44c2-ac49-671cc4b4a1ee,sftp://sftp.l3harris.com/gsee/fcidump.23_pc-_noncan_0.2_new.21b0efe8-adc7-44c2-ac49-671cc4b4a1ee.gz,69,172800,1.0,,2124-03-20T20:48:21.795324+00:00,True,True,False,17443.384,False,,,,,,,,,,,,,,,,,,,,True,False,-2928.485946032368
1980,SHCI_opt,2dde727e-a881-44fa-aabf-bba6248e4baf,c60e140d-e1ff-47c5-b69d-4f05631c5c81,mo_n2_pincer,8a3787cc-d3d0-42a8-d9a9-7de2aed45208,4c240146-6b8b-4fa5-88e4-41cbd39c8ac3,b96f67e6-fafe-4ccd-ac6f-67afb52f3835,sftp://sftp.l3harris.com/gsee/fcidump.24_ts_1over2_noncan_0.2_new.b96f67e6-fafe-4ccd-ac6f-67afb52f3835.gz,31,172800,1.0,-2928.21304660173,2124-03-20T20:48:21.795324+00:00,True,True,True,314.505,False,,,,,,,,,,,,,,,,,,,,True,True,-2928.2129439625865
1989,SHCI_opt,2dde727e-a881-44fa-aabf-bba6248e4baf,c60e140d-e1ff-47c5-b69d-4f05631c5c81,mo_n2_pincer,8a3787cc-d3d0-42a8-d9a9-7de2aed45208,c582e543-075c-4fa1-b189-5e7455286d82,47f67a0f-a385-405d-9ac6-2e22f8ceb8e4,sftp://sftp.l3harris.com/gsee/fcidump.25_ts_1over2_noncan_0.2_new.47f67a0f-a385-405d-9ac6-2e22f8ceb8e4.gz,45,172800,1.0,-2928.2646178975,2124-03-20T20:48:21.795324+00:00,True,True,True,1412.557,False,,,,,,,,,,,,,,,,,,,,True,True,-2928.2643653625437
1998,SHCI_opt,2dde727e-a881-44fa-aabf-bba6248e4baf,c60e140d-e1ff-47c5-b69d-4f05631c5c81,mo_n2_pincer,8a3787cc-d3d0-42a8-d9a9-7de2aed45208,3fa3940d-8a68-44ae-9223-7346404651e6,bed1771c-394c-44e6-93e3-ca41732326d2,sftp://sftp.l3harris.com/gsee/fcidump.26_pc_noncan_0.2_new.bed1771c-394c-44e6-93e3-ca41732326d2.gz,31,172800,1.0,-2928.27989772549,2124-03-20T20:48:21.795324+00:00,True,True,True,457.48699999999997,False,,,,,,,,,,,,,,,,,,,,True,True,-2928.2798405943945
2007,SHCI_opt,2dde727e-a881-44fa-aabf-bba6248e4baf,c60e140d-e1ff-47c5-b69d-4f05631c5c81,mo_n2_pincer,8a3787cc-d3d0-42a8-d9a9-7de2aed45208,eadd62e9-ee3d-4193-94de-7735a529edce,98016425-092d-41a4-b397-9b4b237c582a,sftp://sftp.l3harris.com/gsee/fcidump.27_pc_noncan_0.2_new.98016425-092d-41a4-b397-9b4b237c582a.gz,45,172800,1.0,-2928.31225576851,2124-03-20T20:48:21.795324+00:00,True,True,True,2113.933,False,,,,,,,,,,,,,,,,,,,,True,True,-2928.312201734103
2016,SHCI_opt,2dde727e-a881-44fa-aabf-bba6248e4baf,,mo_n2_pincer,8a3787cc-d3d0-42a8-d9a9-7de2aed45208,b900c4a3-fe87-4df7-96b7-2767ccdc1d56,e03635b0-a537-4a58-9f3e-c7114715e47d,sftp://sftp.l3harris.com/gsee/fcidump.28_2_noncan_0.2_new.e03635b0-a537-4a58-9f3e-c7114715e47d.gz,31,172800,1.0,-2928.30960854932,2124-03-20T20:48:21.795324+00:00,False,False,False,,,,,,,,,,,,,,,,,,,,,,False,False,
2025,SHCI_opt,2dde727e-a881-44fa-aabf-bba6248e4baf,,mo_n2_pincer,8a3787cc-d3d0-42a8-d9a9-7de2aed45208,7fc4c1d7-3469-40a3-9cd8-4354b6acf01d,f7797f63-30ab-40e0-8ca6-042c9aa932b4,sftp://sftp.l3harris.com/gsee/fcidump.29_2_noncan_0.2_new.f7797f63-30ab-40e0-8ca6-042c9aa932b4.gz,45,172800,1.0,-2928.34631056936,2124-03-20T20:48:21.795324+00:00,False,False,False,,,,,,,,,,,,,,,,,,,,,,False,False,
2034,SHCI_opt,2dde727e-a881-44fa-aabf-bba6248e4baf,,mo_n2_pincer,8a3787cc-d3d0-42a8-d9a9-7de2aed45208,09b81c3d-aee1-4bc3-98ce-a72da477b108,e701d53e-63fe-47f1-b727-39457c9207e6,sftp://sftp.l3harris.com/gsee/fcidump.30_4a_noncan_0.2_new.e701d53e-63fe-47f1-b727-39457c9207e6.gz,25,172800,1.0,-2623.09863495122,2124-03-20T20:48:21.795324+00:00,False,False,False,,,,,,,,,,,,,,,,,,,,,,False,False,
2043,SHCI_opt,2dde727e-a881-44fa-aabf-bba6248e4baf,c60e140d-e1ff-47c5-b69d-4f05631c5c81,mo_n2_pincer,8a3787cc-d3d0-42a8-d9a9-7de2aed45208,87d59f7c-e397-42dc-aa6e-00200d8697aa,21abd0b3-b2cb-4a8a-812e-a8706542f429,sftp://sftp.l3harris.com/gsee/fcidump.31_4a_noncan_0.2_new.21abd0b3-b2cb-4a8a-812e-a8706542f429.gz,39,172800,1.0,-2623.16661546777,2124-03-20T20:48:21.795324+00:00,True,True,True,1214.9180000000001,False,,,,,,,,,,,,,,,,,,,,True,True,-2623.1666251363968
2052,SHCI_opt,2dde727e-a881-44fa-aabf-bba6248e4baf,1451d34a-994b-414b-9895-d33be2b6a114,c_o2_0,3987b2dd-25bc-44e2-b516-dbc3f670a9c3,615c9d78-2b84-4c7b-ab6b-ba05b188f50a,b45cfaee-dd16-4f80-963d-ab0f9cc4dab5,sftp://sftp.l3harris.com/gsee/small_molecules/fcidump.c_o2_cc-pVDZ.b45cfaee-dd16-4f80-963d-ab0f9cc4dab5.gz,42,86400,1.0,-188.1495381960868,,True,True,True,22279.075,False,,,,,,,,,,,,,,,,,,,,True,True,-187.60091285221847
2061,SHCI_opt,2dde727e-a881-44fa-aabf-bba6248e4baf,1451d34a-994b-414b-9895-d33be2b6a114,c_o2_0,3987b2dd-25bc-44e2-b516-dbc3f670a9c3,a091c1a1-bde2-4a83-bf58-5010f7a8e1d4,0ffd2489-0b50-49b6-9e6e-7607f14102a9,sftp://sftp.l3harris.com/gsee/small_molecules/fcidump.c_o2_cc-pVTZ.0ffd2489-0b50-49b6-9e6e-7607f14102a9.gz,90,86400,1.0,-188.32872345662585,,True,True,True,21935.938000000002,False,,,,,,,,,,,,,,,,,,,,True,True,-187.78300410740638
